"date","indicator","count"
2020-04-01,"CO_GABed_C19_Con",44
2020-04-01,"CO_GABed_C19_Sus",67
2020-04-01,"CO_GABed_NonC19",486
2020-04-01,"CO_GABed_Spare",353
2020-04-01,"CO_IVBed_C19_Con",15
2020-04-01,"CO_IVBed_C19_Sus",1
2020-04-01,"CO_IVBed_NonC19",7
2020-04-01,"CO_IVBed_Spare",34
2020-04-02,"CO_GABed_C19_Con",51
2020-04-02,"CO_GABed_C19_Sus",71
2020-04-02,"CO_GABed_NonC19",492
2020-04-02,"CO_GABed_Spare",352
2020-04-02,"CO_IVBed_C19_Con",14
2020-04-02,"CO_IVBed_C19_Sus",4
2020-04-02,"CO_IVBed_NonC19",7
2020-04-02,"CO_IVBed_Spare",32
2020-04-03,"CO_GABed_C19_Con",65
2020-04-03,"CO_GABed_C19_Sus",59
2020-04-03,"CO_GABed_NonC19",446
2020-04-03,"CO_GABed_Spare",385
2020-04-03,"CO_IVBed_C19_Con",17
2020-04-03,"CO_IVBed_C19_Sus",3
2020-04-03,"CO_IVBed_NonC19",6
2020-04-03,"CO_IVBed_Spare",31
2020-04-04,"CO_GABed_C19_Con",73
2020-04-04,"CO_GABed_C19_Sus",49
2020-04-04,"CO_GABed_NonC19",371
2020-04-04,"CO_GABed_Spare",441
2020-04-04,"CO_IVBed_C19_Con",21
2020-04-04,"CO_IVBed_C19_Sus",3
2020-04-04,"CO_IVBed_NonC19",5
2020-04-04,"CO_IVBed_Spare",23
2020-04-05,"CO_GABed_C19_Con",91
2020-04-05,"CO_GABed_C19_Sus",43
2020-04-05,"CO_GABed_NonC19",424
2020-04-05,"CO_GABed_Spare",378
2020-04-05,"CO_IVBed_C19_Con",22
2020-04-05,"CO_IVBed_C19_Sus",1
2020-04-05,"CO_IVBed_NonC19",4
2020-04-05,"CO_IVBed_Spare",25
2020-04-06,"CO_GABed_C19_Con",111
2020-04-06,"CO_GABed_C19_Sus",45
2020-04-06,"CO_GABed_NonC19",372
2020-04-06,"CO_GABed_Spare",408
2020-04-06,"CO_IVBed_C19_Con",22
2020-04-06,"CO_IVBed_C19_Sus",4
2020-04-06,"CO_IVBed_NonC19",5
2020-04-06,"CO_IVBed_Spare",21
2020-04-07,"CO_GABed_C19_Con",112
2020-04-07,"CO_GABed_C19_Sus",48
2020-04-07,"CO_GABed_NonC19",373
2020-04-07,"CO_GABed_Spare",403
2020-04-07,"CO_IVBed_C19_Con",26
2020-04-07,"CO_IVBed_C19_Sus",3
2020-04-07,"CO_IVBed_NonC19",3
2020-04-07,"CO_IVBed_Spare",28
2020-04-08,"CO_GABed_C19_Con",131
2020-04-08,"CO_GABed_C19_Sus",47
2020-04-08,"CO_GABed_NonC19",364
2020-04-08,"CO_GABed_Spare",417
2020-04-08,"CO_IVBed_C19_Con",23
2020-04-08,"CO_IVBed_C19_Sus",3
2020-04-08,"CO_IVBed_NonC19",3
2020-04-08,"CO_IVBed_Spare",31
2020-04-09,"CO_GABed_C19_Con",118
2020-04-09,"CO_GABed_C19_Sus",42
2020-04-09,"CO_GABed_NonC19",359
2020-04-09,"CO_GABed_Spare",417
2020-04-09,"CO_IVBed_C19_Con",23
2020-04-09,"CO_IVBed_C19_Sus",4
2020-04-09,"CO_IVBed_NonC19",3
2020-04-09,"CO_IVBed_Spare",30
2020-04-10,"CO_GABed_C19_Con",122
2020-04-10,"CO_GABed_C19_Sus",34
2020-04-10,"CO_GABed_NonC19",330
2020-04-10,"CO_GABed_Spare",474
2020-04-10,"CO_IVBed_C19_Con",25
2020-04-10,"CO_IVBed_C19_Sus",2
2020-04-10,"CO_IVBed_NonC19",4
2020-04-10,"CO_IVBed_Spare",29
2020-04-11,"CO_GABed_C19_Con",130
2020-04-11,"CO_GABed_C19_Sus",48
2020-04-11,"CO_GABed_NonC19",323
2020-04-11,"CO_GABed_Spare",431
2020-04-11,"CO_IVBed_C19_Con",24
2020-04-11,"CO_IVBed_C19_Sus",0
2020-04-11,"CO_IVBed_NonC19",4
2020-04-11,"CO_IVBed_Spare",32
2020-04-12,"CO_GABed_C19_Con",137
2020-04-12,"CO_GABed_C19_Sus",37
2020-04-12,"CO_GABed_NonC19",320
2020-04-12,"CO_GABed_Spare",438
2020-04-12,"CO_IVBed_C19_Con",25
2020-04-12,"CO_IVBed_C19_Sus",2
2020-04-12,"CO_IVBed_NonC19",4
2020-04-12,"CO_IVBed_Spare",29
2020-04-13,"CO_GABed_C19_Con",132
2020-04-13,"CO_GABed_C19_Sus",38
2020-04-13,"CO_GABed_NonC19",319
2020-04-13,"CO_GABed_Spare",438
2020-04-13,"CO_IVBed_C19_Con",26
2020-04-13,"CO_IVBed_C19_Sus",0
2020-04-13,"CO_IVBed_NonC19",7
2020-04-13,"CO_IVBed_Spare",27
2020-04-14,"CO_GABed_C19_Con",139
2020-04-14,"CO_GABed_C19_Sus",32
2020-04-14,"CO_GABed_NonC19",367
2020-04-14,"CO_GABed_Spare",390
2020-04-14,"CO_IVBed_C19_Con",23
2020-04-14,"CO_IVBed_C19_Sus",0
2020-04-14,"CO_IVBed_NonC19",6
2020-04-14,"CO_IVBed_Spare",32
2020-04-15,"CO_GABed_C19_Con",121
2020-04-15,"CO_GABed_C19_Sus",40
2020-04-15,"CO_GABed_NonC19",355
2020-04-15,"CO_GABed_Spare",411
2020-04-15,"CO_IVBed_C19_Con",24
2020-04-15,"CO_IVBed_C19_Sus",0
2020-04-15,"CO_IVBed_NonC19",5
2020-04-15,"CO_IVBed_Spare",31
2020-04-16,"CO_GABed_C19_Con",116
2020-04-16,"CO_GABed_C19_Sus",40
2020-04-16,"CO_GABed_NonC19",368
2020-04-16,"CO_GABed_Spare",403
2020-04-16,"CO_IVBed_C19_Con",24
2020-04-16,"CO_IVBed_C19_Sus",0
2020-04-16,"CO_IVBed_NonC19",4
2020-04-16,"CO_IVBed_Spare",32
2020-04-17,"CO_GABed_C19_Con",117
2020-04-17,"CO_GABed_C19_Sus",46
2020-04-17,"CO_GABed_NonC19",362
2020-04-17,"CO_GABed_Spare",402
2020-04-17,"CO_IVBed_C19_Con",22
2020-04-17,"CO_IVBed_C19_Sus",1
2020-04-17,"CO_IVBed_NonC19",5
2020-04-17,"CO_IVBed_Spare",32
2020-04-18,"CO_GABed_C19_Con",99
2020-04-18,"CO_GABed_C19_Sus",55
2020-04-18,"CO_GABed_NonC19",331
2020-04-18,"CO_GABed_Spare",420
2020-04-18,"CO_IVBed_C19_Con",21
2020-04-18,"CO_IVBed_C19_Sus",2
2020-04-18,"CO_IVBed_NonC19",5
2020-04-18,"CO_IVBed_Spare",32
2020-04-19,"CO_GABed_C19_Con",102
2020-04-19,"CO_GABed_C19_Sus",44
2020-04-19,"CO_GABed_NonC19",338
2020-04-19,"CO_GABed_Spare",421
2020-04-19,"CO_IVBed_C19_Con",22
2020-04-19,"CO_IVBed_C19_Sus",2
2020-04-19,"CO_IVBed_NonC19",4
2020-04-19,"CO_IVBed_Spare",32
2020-04-20,"CO_GABed_C19_Con",99
2020-04-20,"CO_GABed_C19_Sus",39
2020-04-20,"CO_GABed_NonC19",390
2020-04-20,"CO_GABed_Spare",377
2020-04-20,"CO_IVBed_C19_Con",22
2020-04-20,"CO_IVBed_C19_Sus",1
2020-04-20,"CO_IVBed_NonC19",5
2020-04-20,"CO_IVBed_Spare",32
2020-04-21,"CO_GABed_C19_Con",94
2020-04-21,"CO_GABed_C19_Sus",29
2020-04-21,"CO_GABed_NonC19",408
2020-04-21,"CO_GABed_Spare",374
2020-04-21,"CO_IVBed_C19_Con",19
2020-04-21,"CO_IVBed_C19_Sus",0
2020-04-21,"CO_IVBed_NonC19",7
2020-04-21,"CO_IVBed_Spare",34
2020-04-22,"CO_GABed_C19_Con",87
2020-04-22,"CO_GABed_C19_Sus",28
2020-04-22,"CO_GABed_NonC19",387
2020-04-22,"CO_GABed_Spare",403
2020-04-22,"CO_IVBed_C19_Con",20
2020-04-22,"CO_IVBed_C19_Sus",1
2020-04-22,"CO_IVBed_NonC19",6
2020-04-22,"CO_IVBed_Spare",33
2020-04-23,"CO_GABed_C19_Con",123
2020-04-23,"CO_GABed_C19_Sus",56
2020-04-23,"CO_GABed_NonC19",523
2020-04-23,"CO_GABed_Spare",431
2020-04-23,"CO_IVBed_C19_Con",17
2020-04-23,"CO_IVBed_C19_Sus",1
2020-04-23,"CO_IVBed_NonC19",4
2020-04-23,"CO_IVBed_Spare",38
2020-04-24,"CO_GABed_C19_Con",140
2020-04-24,"CO_GABed_C19_Sus",55
2020-04-24,"CO_GABed_NonC19",523
2020-04-24,"CO_GABed_Spare",411
2020-04-24,"CO_IVBed_C19_Con",19
2020-04-24,"CO_IVBed_C19_Sus",3
2020-04-24,"CO_IVBed_NonC19",4
2020-04-24,"CO_IVBed_Spare",34
2020-04-25,"CO_GABed_C19_Con",111
2020-04-25,"CO_GABed_C19_Sus",60
2020-04-25,"CO_GABed_NonC19",518
2020-04-25,"CO_GABed_Spare",441
2020-04-25,"CO_IVBed_C19_Con",19
2020-04-25,"CO_IVBed_C19_Sus",2
2020-04-25,"CO_IVBed_NonC19",4
2020-04-25,"CO_IVBed_Spare",36
2020-04-26,"CO_GABed_C19_Con",105
2020-04-26,"CO_GABed_C19_Sus",57
2020-04-26,"CO_GABed_NonC19",553
2020-04-26,"CO_GABed_Spare",415
2020-04-26,"CO_IVBed_C19_Con",18
2020-04-26,"CO_IVBed_C19_Sus",3
2020-04-26,"CO_IVBed_NonC19",3
2020-04-26,"CO_IVBed_Spare",36
2020-04-27,"CO_GABed_C19_Con",117
2020-04-27,"CO_GABed_C19_Sus",40
2020-04-27,"CO_GABed_NonC19",551
2020-04-27,"CO_GABed_Spare",422
2020-04-27,"CO_IVBed_C19_Con",19
2020-04-27,"CO_IVBed_C19_Sus",0
2020-04-27,"CO_IVBed_NonC19",9
2020-04-27,"CO_IVBed_Spare",32
2020-04-28,"CO_GABed_C19_Con",106
2020-04-28,"CO_GABed_C19_Sus",47
2020-04-28,"CO_GABed_NonC19",561
2020-04-28,"CO_GABed_Spare",416
2020-04-28,"CO_IVBed_C19_Con",18
2020-04-28,"CO_IVBed_C19_Sus",0
2020-04-28,"CO_IVBed_NonC19",8
2020-04-28,"CO_IVBed_Spare",34
2020-04-29,"CO_GABed_C19_Con",113
2020-04-29,"CO_GABed_C19_Sus",42
2020-04-29,"CO_GABed_NonC19",566
2020-04-29,"CO_GABed_Spare",386
2020-04-29,"CO_IVBed_C19_Con",18
2020-04-29,"CO_IVBed_C19_Sus",2
2020-04-29,"CO_IVBed_NonC19",4
2020-04-29,"CO_IVBed_Spare",35
2020-04-30,"CO_GABed_C19_Con",105
2020-04-30,"CO_GABed_C19_Sus",59
2020-04-30,"CO_GABed_NonC19",550
2020-04-30,"CO_GABed_Spare",449
2020-04-30,"CO_IVBed_C19_Con",17
2020-04-30,"CO_IVBed_C19_Sus",0
2020-04-30,"CO_IVBed_NonC19",4
2020-04-30,"CO_IVBed_Spare",38
2020-05-01,"CO_GABed_C19_Con",101
2020-05-01,"CO_GABed_C19_Sus",61
2020-05-01,"CO_GABed_NonC19",569
2020-05-01,"CO_GABed_Spare",306
2020-05-01,"CO_IVBed_C19_Con",14
2020-05-01,"CO_IVBed_C19_Sus",0
2020-05-01,"CO_IVBed_NonC19",5
2020-05-01,"CO_IVBed_Spare",40
2020-05-02,"CO_GABed_C19_Con",107
2020-05-02,"CO_GABed_C19_Sus",76
2020-05-02,"CO_GABed_NonC19",579
2020-05-02,"CO_GABed_Spare",275
2020-05-02,"CO_IVBed_C19_Con",14
2020-05-02,"CO_IVBed_C19_Sus",0
2020-05-02,"CO_IVBed_NonC19",6
2020-05-02,"CO_IVBed_Spare",39
2020-05-03,"CO_GABed_C19_Con",112
2020-05-03,"CO_GABed_C19_Sus",38
2020-05-03,"CO_GABed_NonC19",587
2020-05-03,"CO_GABed_Spare",277
2020-05-03,"CO_IVBed_C19_Con",14
2020-05-03,"CO_IVBed_C19_Sus",0
2020-05-03,"CO_IVBed_NonC19",6
2020-05-03,"CO_IVBed_Spare",39
2020-05-04,"CO_GABed_C19_Con",111
2020-05-04,"CO_GABed_C19_Sus",41
2020-05-04,"CO_GABed_NonC19",609
2020-05-04,"CO_GABed_Spare",254
2020-05-04,"CO_IVBed_C19_Con",15
2020-05-04,"CO_IVBed_C19_Sus",0
2020-05-04,"CO_IVBed_NonC19",4
2020-05-04,"CO_IVBed_Spare",40
2020-05-05,"CO_GABed_C19_Con",115
2020-05-05,"CO_GABed_C19_Sus",59
2020-05-05,"CO_GABed_NonC19",603
2020-05-05,"CO_GABed_Spare",231
2020-05-05,"CO_IVBed_C19_Con",13
2020-05-05,"CO_IVBed_C19_Sus",0
2020-05-05,"CO_IVBed_NonC19",4
2020-05-05,"CO_IVBed_Spare",42
2020-05-06,"CO_GABed_C19_Con",113
2020-05-06,"CO_GABed_C19_Sus",49
2020-05-06,"CO_GABed_NonC19",624
2020-05-06,"CO_GABed_Spare",246
2020-05-06,"CO_IVBed_C19_Con",13
2020-05-06,"CO_IVBed_C19_Sus",0
2020-05-06,"CO_IVBed_NonC19",5
2020-05-06,"CO_IVBed_Spare",41
2020-05-07,"CO_GABed_C19_Con",100
2020-05-07,"CO_GABed_C19_Sus",57
2020-05-07,"CO_GABed_NonC19",645
2020-05-07,"CO_GABed_Spare",229
2020-05-07,"CO_IVBed_C19_Con",14
2020-05-07,"CO_IVBed_C19_Sus",0
2020-05-07,"CO_IVBed_NonC19",6
2020-05-07,"CO_IVBed_Spare",39
2020-05-08,"CO_GABed_C19_Con",102
2020-05-08,"CO_GABed_C19_Sus",78
2020-05-08,"CO_GABed_NonC19",633
2020-05-08,"CO_GABed_Spare",246
2020-05-08,"CO_IVBed_C19_Con",14
2020-05-08,"CO_IVBed_C19_Sus",1
2020-05-08,"CO_IVBed_NonC19",4
2020-05-08,"CO_IVBed_Spare",40
2020-05-09,"CO_GABed_C19_Con",118
2020-05-09,"CO_GABed_C19_Sus",58
2020-05-09,"CO_GABed_NonC19",600
2020-05-09,"CO_GABed_Spare",284
2020-05-09,"CO_IVBed_C19_Con",12
2020-05-09,"CO_IVBed_C19_Sus",1
2020-05-09,"CO_IVBed_NonC19",4
2020-05-09,"CO_IVBed_Spare",42
2020-05-10,"CO_GABed_C19_Con",117
2020-05-10,"CO_GABed_C19_Sus",50
2020-05-10,"CO_GABed_NonC19",638
2020-05-10,"CO_GABed_Spare",255
2020-05-10,"CO_IVBed_C19_Con",12
2020-05-10,"CO_IVBed_C19_Sus",2
2020-05-10,"CO_IVBed_NonC19",0
2020-05-10,"CO_IVBed_Spare",45
2020-05-11,"CO_GABed_C19_Con",120
2020-05-11,"CO_GABed_C19_Sus",43
2020-05-11,"CO_GABed_NonC19",639
2020-05-11,"CO_GABed_Spare",272
2020-05-11,"CO_IVBed_C19_Con",13
2020-05-11,"CO_IVBed_C19_Sus",1
2020-05-11,"CO_IVBed_NonC19",3
2020-05-11,"CO_IVBed_Spare",42
2020-05-12,"CO_GABed_C19_Con",110
2020-05-12,"CO_GABed_C19_Sus",44
2020-05-12,"CO_GABed_NonC19",651
2020-05-12,"CO_GABed_Spare",269
2020-05-12,"CO_IVBed_C19_Con",12
2020-05-12,"CO_IVBed_C19_Sus",0
2020-05-12,"CO_IVBed_NonC19",4
2020-05-12,"CO_IVBed_Spare",43
2020-05-13,"CO_GABed_C19_Con",119
2020-05-13,"CO_GABed_C19_Sus",55
2020-05-13,"CO_GABed_NonC19",638
2020-05-13,"CO_GABed_Spare",262
2020-05-13,"CO_IVBed_C19_Con",12
2020-05-13,"CO_IVBed_C19_Sus",0
2020-05-13,"CO_IVBed_NonC19",4
2020-05-13,"CO_IVBed_Spare",43
2020-05-14,"CO_GABed_C19_Con",115
2020-05-14,"CO_GABed_C19_Sus",57
2020-05-14,"CO_GABed_NonC19",645
2020-05-14,"CO_GABed_Spare",257
2020-05-14,"CO_IVBed_C19_Con",12
2020-05-14,"CO_IVBed_C19_Sus",0
2020-05-14,"CO_IVBed_NonC19",5
2020-05-14,"CO_IVBed_Spare",42
2020-05-15,"CO_GABed_C19_Con",107
2020-05-15,"CO_GABed_C19_Sus",41
2020-05-15,"CO_GABed_NonC19",644
2020-05-15,"CO_GABed_Spare",282
2020-05-15,"CO_IVBed_C19_Con",11
2020-05-15,"CO_IVBed_C19_Sus",0
2020-05-15,"CO_IVBed_NonC19",4
2020-05-15,"CO_IVBed_Spare",44
2020-05-16,"CO_GABed_C19_Con",107
2020-05-16,"CO_GABed_C19_Sus",50
2020-05-16,"CO_GABed_NonC19",666
2020-05-16,"CO_GABed_Spare",237
2020-05-16,"CO_IVBed_C19_Con",10
2020-05-16,"CO_IVBed_C19_Sus",0
2020-05-16,"CO_IVBed_NonC19",9
2020-05-16,"CO_IVBed_Spare",40
2020-05-17,"CO_GABed_C19_Con",101
2020-05-17,"CO_GABed_C19_Sus",48
2020-05-17,"CO_GABed_NonC19",685
2020-05-17,"CO_GABed_Spare",226
2020-05-17,"CO_IVBed_C19_Con",9
2020-05-17,"CO_IVBed_C19_Sus",2
2020-05-17,"CO_IVBed_NonC19",11
2020-05-17,"CO_IVBed_Spare",37
2020-05-18,"CO_GABed_C19_Con",98
2020-05-18,"CO_GABed_C19_Sus",43
2020-05-18,"CO_GABed_NonC19",699
2020-05-18,"CO_GABed_Spare",220
2020-05-18,"CO_IVBed_C19_Con",10
2020-05-18,"CO_IVBed_C19_Sus",2
2020-05-18,"CO_IVBed_NonC19",7
2020-05-18,"CO_IVBed_Spare",40
2020-05-19,"CO_GABed_C19_Con",96
2020-05-19,"CO_GABed_C19_Sus",85
2020-05-19,"CO_GABed_NonC19",671
2020-05-19,"CO_GABed_Spare",232
2020-05-19,"CO_IVBed_C19_Con",7
2020-05-19,"CO_IVBed_C19_Sus",5
2020-05-19,"CO_IVBed_NonC19",9
2020-05-19,"CO_IVBed_Spare",30
2020-05-20,"CO_GABed_C19_Con",87
2020-05-20,"CO_GABed_C19_Sus",98
2020-05-20,"CO_GABed_NonC19",661
2020-05-20,"CO_GABed_Spare",238
2020-05-20,"CO_IVBed_C19_Con",7
2020-05-20,"CO_IVBed_C19_Sus",2
2020-05-20,"CO_IVBed_NonC19",13
2020-05-20,"CO_IVBed_Spare",29
2020-05-21,"CO_GABed_C19_Con",95
2020-05-21,"CO_GABed_C19_Sus",76
2020-05-21,"CO_GABed_NonC19",678
2020-05-21,"CO_GABed_Spare",235
2020-05-21,"CO_IVBed_C19_Con",7
2020-05-21,"CO_IVBed_C19_Sus",2
2020-05-21,"CO_IVBed_NonC19",10
2020-05-21,"CO_IVBed_Spare",32
2020-05-22,"CO_GABed_C19_Con",101
2020-05-22,"CO_GABed_C19_Sus",77
2020-05-22,"CO_GABed_NonC19",662
2020-05-22,"CO_GABed_Spare",232
2020-05-22,"CO_IVBed_C19_Con",7
2020-05-22,"CO_IVBed_C19_Sus",0
2020-05-22,"CO_IVBed_NonC19",13
2020-05-22,"CO_IVBed_Spare",31
2020-05-23,"CO_GABed_C19_Con",105
2020-05-23,"CO_GABed_C19_Sus",94
2020-05-23,"CO_GABed_NonC19",674
2020-05-23,"CO_GABed_Spare",211
2020-05-23,"CO_IVBed_C19_Con",6
2020-05-23,"CO_IVBed_C19_Sus",0
2020-05-23,"CO_IVBed_NonC19",14
2020-05-23,"CO_IVBed_Spare",35
2020-05-24,"CO_GABed_C19_Con",97
2020-05-24,"CO_GABed_C19_Sus",73
2020-05-24,"CO_GABed_NonC19",696
2020-05-24,"CO_GABed_Spare",218
2020-05-24,"CO_IVBed_C19_Con",6
2020-05-24,"CO_IVBed_C19_Sus",1
2020-05-24,"CO_IVBed_NonC19",13
2020-05-24,"CO_IVBed_Spare",35
2020-05-25,"CO_GABed_C19_Con",98
2020-05-25,"CO_GABed_C19_Sus",59
2020-05-25,"CO_GABed_NonC19",697
2020-05-25,"CO_GABed_Spare",214
2020-05-25,"CO_IVBed_C19_Con",6
2020-05-25,"CO_IVBed_C19_Sus",1
2020-05-25,"CO_IVBed_NonC19",13
2020-05-25,"CO_IVBed_Spare",35
2020-05-26,"CO_GABed_C19_Con",74
2020-05-26,"CO_GABed_C19_Rec",74
2020-05-26,"CO_GABed_C19_Sus",53
2020-05-26,"CO_GABed_NonC19",745
2020-05-26,"CO_GABed_Spare",204
2020-05-26,"CO_IVBed_C19_Con",5
2020-05-26,"CO_IVBed_C19_Rec",1
2020-05-26,"CO_IVBed_C19_Sus",3
2020-05-26,"CO_IVBed_NonC19",12
2020-05-26,"CO_IVBed_Spare",34
2020-05-27,"CO_GABed_C19_Con",65
2020-05-27,"CO_GABed_C19_Rec",78
2020-05-27,"CO_GABed_C19_Sus",74
2020-05-27,"CO_GABed_NonC19",745
2020-05-27,"CO_GABed_Spare",183
2020-05-27,"CO_IVBed_C19_Con",5
2020-05-27,"CO_IVBed_C19_Rec",1
2020-05-27,"CO_IVBed_C19_Sus",2
2020-05-27,"CO_IVBed_NonC19",13
2020-05-27,"CO_IVBed_Spare",34
2020-05-28,"CO_GABed_C19_Con",71
2020-05-28,"CO_GABed_C19_Rec",81
2020-05-28,"CO_GABed_C19_Sus",85
2020-05-28,"CO_GABed_NonC19",728
2020-05-28,"CO_GABed_Spare",175
2020-05-28,"CO_IVBed_C19_Con",4
2020-05-28,"CO_IVBed_C19_Rec",1
2020-05-28,"CO_IVBed_C19_Sus",3
2020-05-28,"CO_IVBed_NonC19",11
2020-05-28,"CO_IVBed_Spare",36
2020-05-29,"CO_GABed_C19_Con",60
2020-05-29,"CO_GABed_C19_Rec",77
2020-05-29,"CO_GABed_C19_Sus",72
2020-05-29,"CO_GABed_NonC19",725
2020-05-29,"CO_GABed_Spare",220
2020-05-29,"CO_IVBed_C19_Con",4
2020-05-29,"CO_IVBed_C19_Rec",0
2020-05-29,"CO_IVBed_C19_Sus",4
2020-05-29,"CO_IVBed_NonC19",13
2020-05-29,"CO_IVBed_Spare",34
2020-05-30,"CO_GABed_C19_Con",65
2020-05-30,"CO_GABed_C19_Rec",78
2020-05-30,"CO_GABed_C19_Sus",64
2020-05-30,"CO_GABed_NonC19",726
2020-05-30,"CO_GABed_Spare",223
2020-05-30,"CO_IVBed_C19_Con",5
2020-05-30,"CO_IVBed_C19_Rec",0
2020-05-30,"CO_IVBed_C19_Sus",1
2020-05-30,"CO_IVBed_NonC19",10
2020-05-30,"CO_IVBed_Spare",39
2020-05-31,"CO_GABed_C19_Con",65
2020-05-31,"CO_GABed_C19_Rec",90
2020-05-31,"CO_GABed_C19_Sus",45
2020-05-31,"CO_GABed_NonC19",748
2020-05-31,"CO_GABed_Spare",210
2020-05-31,"CO_IVBed_C19_Con",6
2020-05-31,"CO_IVBed_C19_Rec",0
2020-05-31,"CO_IVBed_C19_Sus",1
2020-05-31,"CO_IVBed_NonC19",11
2020-05-31,"CO_IVBed_Spare",37
2020-06-01,"CO_GABed_C19_Con",61
2020-06-01,"CO_GABed_C19_Rec",85
2020-06-01,"CO_GABed_C19_Sus",48
2020-06-01,"CO_GABed_NonC19",764
2020-06-01,"CO_GABed_Spare",188
2020-06-01,"CO_IVBed_C19_Con",4
2020-06-01,"CO_IVBed_C19_Rec",0
2020-06-01,"CO_IVBed_C19_Sus",2
2020-06-01,"CO_IVBed_NonC19",13
2020-06-01,"CO_IVBed_Spare",36
2020-06-02,"CO_GABed_C19_Con",70
2020-06-02,"CO_GABed_C19_Rec",85
2020-06-02,"CO_GABed_C19_Sus",48
2020-06-02,"CO_GABed_NonC19",718
2020-06-02,"CO_GABed_Spare",219
2020-06-02,"CO_IVBed_C19_Con",4
2020-06-02,"CO_IVBed_C19_Rec",0
2020-06-02,"CO_IVBed_C19_Sus",4
2020-06-02,"CO_IVBed_NonC19",12
2020-06-02,"CO_IVBed_Spare",35
2020-06-03,"CO_GABed_C19_Con",74
2020-06-03,"CO_GABed_C19_Rec",89
2020-06-03,"CO_GABed_C19_Sus",39
2020-06-03,"CO_GABed_NonC19",664
2020-06-03,"CO_GABed_Spare",304
2020-06-03,"CO_IVBed_C19_Con",4
2020-06-03,"CO_IVBed_C19_Rec",0
2020-06-03,"CO_IVBed_C19_Sus",2
2020-06-03,"CO_IVBed_NonC19",12
2020-06-03,"CO_IVBed_Spare",37
2020-06-04,"CO_GABed_C19_Con",61
2020-06-04,"CO_GABed_C19_Rec",69
2020-06-04,"CO_GABed_C19_Sus",54
2020-06-04,"CO_GABed_NonC19",720
2020-06-04,"CO_GABed_Spare",282
2020-06-04,"CO_IVBed_C19_Con",3
2020-06-04,"CO_IVBed_C19_Rec",0
2020-06-04,"CO_IVBed_C19_Sus",1
2020-06-04,"CO_IVBed_NonC19",11
2020-06-04,"CO_IVBed_Spare",40
2020-06-05,"CO_GABed_C19_Con",45
2020-06-05,"CO_GABed_C19_Rec",80
2020-06-05,"CO_GABed_C19_Sus",38
2020-06-05,"CO_GABed_NonC19",707
2020-06-05,"CO_GABed_Spare",324
2020-06-05,"CO_IVBed_C19_Con",3
2020-06-05,"CO_IVBed_C19_Rec",1
2020-06-05,"CO_IVBed_C19_Sus",3
2020-06-05,"CO_IVBed_NonC19",11
2020-06-05,"CO_IVBed_Spare",37
2020-06-06,"CO_GABed_C19_Con",41
2020-06-06,"CO_GABed_C19_Rec",73
2020-06-06,"CO_GABed_C19_Sus",65
2020-06-06,"CO_GABed_NonC19",674
2020-06-06,"CO_GABed_Spare",321
2020-06-06,"CO_IVBed_C19_Con",4
2020-06-06,"CO_IVBed_C19_Rec",0
2020-06-06,"CO_IVBed_C19_Sus",0
2020-06-06,"CO_IVBed_NonC19",14
2020-06-06,"CO_IVBed_Spare",37
2020-06-07,"CO_GABed_C19_Con",44
2020-06-07,"CO_GABed_C19_Rec",75
2020-06-07,"CO_GABed_C19_Sus",56
2020-06-07,"CO_GABed_NonC19",703
2020-06-07,"CO_GABed_Spare",315
2020-06-07,"CO_IVBed_C19_Con",2
2020-06-07,"CO_IVBed_C19_Rec",0
2020-06-07,"CO_IVBed_C19_Sus",2
2020-06-07,"CO_IVBed_NonC19",11
2020-06-07,"CO_IVBed_Spare",40
2020-06-08,"CO_GABed_C19_Con",34
2020-06-08,"CO_GABed_C19_Rec",82
2020-06-08,"CO_GABed_C19_Sus",45
2020-06-08,"CO_GABed_NonC19",775
2020-06-08,"CO_GABed_Spare",226
2020-06-08,"CO_IVBed_C19_Con",2
2020-06-08,"CO_IVBed_C19_Rec",0
2020-06-08,"CO_IVBed_C19_Sus",2
2020-06-08,"CO_IVBed_NonC19",12
2020-06-08,"CO_IVBed_Spare",35
2020-06-09,"CO_GABed_C19_Con",36
2020-06-09,"CO_GABed_C19_Rec",82
2020-06-09,"CO_GABed_C19_Sus",53
2020-06-09,"CO_GABed_NonC19",767
2020-06-09,"CO_GABed_Spare",225
2020-06-09,"CO_IVBed_C19_Con",2
2020-06-09,"CO_IVBed_C19_Rec",0
2020-06-09,"CO_IVBed_C19_Sus",2
2020-06-09,"CO_IVBed_NonC19",13
2020-06-09,"CO_IVBed_Spare",34
2020-06-10,"CO_GABed_C19_Con",28
2020-06-10,"CO_GABed_C19_Rec",85
2020-06-10,"CO_GABed_C19_Sus",58
2020-06-10,"CO_GABed_NonC19",741
2020-06-10,"CO_GABed_Spare",258
2020-06-10,"CO_IVBed_C19_Con",2
2020-06-10,"CO_IVBed_C19_Rec",0
2020-06-10,"CO_IVBed_C19_Sus",1
2020-06-10,"CO_IVBed_NonC19",11
2020-06-10,"CO_IVBed_Spare",37
2020-06-11,"CO_GABed_C19_Con",22
2020-06-11,"CO_GABed_C19_Rec",90
2020-06-11,"CO_GABed_C19_Sus",36
2020-06-11,"CO_GABed_NonC19",763
2020-06-11,"CO_GABed_Spare",285
2020-06-11,"CO_IVBed_C19_Con",1
2020-06-11,"CO_IVBed_C19_Rec",0
2020-06-11,"CO_IVBed_C19_Sus",0
2020-06-11,"CO_IVBed_NonC19",13
2020-06-11,"CO_IVBed_Spare",37
2020-06-12,"CO_GABed_C19_Con",20
2020-06-12,"CO_GABed_C19_Rec",89
2020-06-12,"CO_GABed_C19_Sus",39
2020-06-12,"CO_GABed_NonC19",740
2020-06-12,"CO_GABed_Spare",298
2020-06-12,"CO_IVBed_C19_Con",1
2020-06-12,"CO_IVBed_C19_Rec",0
2020-06-12,"CO_IVBed_C19_Sus",3
2020-06-12,"CO_IVBed_NonC19",9
2020-06-12,"CO_IVBed_Spare",38
2020-06-13,"CO_GABed_C19_Con",19
2020-06-13,"CO_GABed_C19_Rec",63
2020-06-13,"CO_GABed_C19_Sus",60
2020-06-13,"CO_GABed_NonC19",741
2020-06-13,"CO_GABed_Spare",303
2020-06-13,"CO_IVBed_C19_Con",0
2020-06-13,"CO_IVBed_C19_Rec",0
2020-06-13,"CO_IVBed_C19_Sus",1
2020-06-13,"CO_IVBed_NonC19",13
2020-06-13,"CO_IVBed_Spare",37
2020-06-14,"CO_GABed_C19_Con",18
2020-06-14,"CO_GABed_C19_Rec",63
2020-06-14,"CO_GABed_C19_Sus",46
2020-06-14,"CO_GABed_NonC19",736
2020-06-14,"CO_GABed_Spare",323
2020-06-14,"CO_IVBed_C19_Con",0
2020-06-14,"CO_IVBed_C19_Rec",0
2020-06-14,"CO_IVBed_C19_Sus",2
2020-06-14,"CO_IVBed_NonC19",12
2020-06-14,"CO_IVBed_Spare",37
2020-06-15,"CO_GABed_C19_Con",20
2020-06-15,"CO_GABed_C19_Rec",77
2020-06-15,"CO_GABed_C19_Sus",34
2020-06-15,"CO_GABed_NonC19",832
2020-06-15,"CO_GABed_Spare",190
2020-06-15,"CO_IVBed_C19_Con",1
2020-06-15,"CO_IVBed_C19_Rec",0
2020-06-15,"CO_IVBed_C19_Sus",6
2020-06-15,"CO_IVBed_NonC19",10
2020-06-15,"CO_IVBed_Spare",34
2020-06-16,"CO_GABed_C19_Con",22
2020-06-16,"CO_GABed_C19_Rec",76
2020-06-16,"CO_GABed_C19_Sus",39
2020-06-16,"CO_GABed_NonC19",838
2020-06-16,"CO_GABed_Spare",183
2020-06-16,"CO_IVBed_C19_Con",0
2020-06-16,"CO_IVBed_C19_Rec",0
2020-06-16,"CO_IVBed_C19_Sus",3
2020-06-16,"CO_IVBed_NonC19",13
2020-06-16,"CO_IVBed_Spare",35
2020-06-17,"CO_GABed_C19_Con",13
2020-06-17,"CO_GABed_C19_Rec",75
2020-06-17,"CO_GABed_C19_Sus",40
2020-06-17,"CO_GABed_NonC19",845
2020-06-17,"CO_GABed_Spare",185
2020-06-17,"CO_IVBed_C19_Con",0
2020-06-17,"CO_IVBed_C19_Rec",0
2020-06-17,"CO_IVBed_C19_Sus",3
2020-06-17,"CO_IVBed_NonC19",12
2020-06-17,"CO_IVBed_Spare",36
2020-06-18,"CO_GABed_C19_Con",13
2020-06-18,"CO_GABed_C19_Rec",58
2020-06-18,"CO_GABed_C19_Sus",43
2020-06-18,"CO_GABed_NonC19",862
2020-06-18,"CO_GABed_Spare",173
2020-06-18,"CO_IVBed_C19_Con",0
2020-06-18,"CO_IVBed_C19_Rec",0
2020-06-18,"CO_IVBed_C19_Sus",4
2020-06-18,"CO_IVBed_NonC19",11
2020-06-18,"CO_IVBed_Spare",25
2020-06-19,"CO_GABed_C19_Con",14
2020-06-19,"CO_GABed_C19_Rec",67
2020-06-19,"CO_GABed_C19_Sus",39
2020-06-19,"CO_GABed_NonC19",849
2020-06-19,"CO_GABed_Spare",188
2020-06-19,"CO_IVBed_C19_Con",0
2020-06-19,"CO_IVBed_C19_Rec",0
2020-06-19,"CO_IVBed_C19_Sus",3
2020-06-19,"CO_IVBed_NonC19",12
2020-06-19,"CO_IVBed_Spare",25
2020-06-20,"CO_GABed_C19_Con",11
2020-06-20,"CO_GABed_C19_Rec",50
2020-06-20,"CO_GABed_C19_Sus",33
2020-06-20,"CO_GABed_NonC19",884
2020-06-20,"CO_GABed_Spare",189
2020-06-20,"CO_IVBed_C19_Con",0
2020-06-20,"CO_IVBed_C19_Rec",0
2020-06-20,"CO_IVBed_C19_Sus",3
2020-06-20,"CO_IVBed_NonC19",14
2020-06-20,"CO_IVBed_Spare",23
2020-06-21,"CO_GABed_C19_Con",12
2020-06-21,"CO_GABed_C19_Rec",48
2020-06-21,"CO_GABed_C19_Sus",28
2020-06-21,"CO_GABed_NonC19",894
2020-06-21,"CO_GABed_Spare",185
2020-06-21,"CO_IVBed_C19_Con",0
2020-06-21,"CO_IVBed_C19_Rec",0
2020-06-21,"CO_IVBed_C19_Sus",3
2020-06-21,"CO_IVBed_NonC19",13
2020-06-21,"CO_IVBed_Spare",24
2020-06-22,"CO_GABed_C19_Con",12
2020-06-22,"CO_GABed_C19_Rec",53
2020-06-22,"CO_GABed_C19_Sus",31
2020-06-22,"CO_GABed_NonC19",912
2020-06-22,"CO_GABed_Spare",165
2020-06-22,"CO_IVBed_C19_Con",0
2020-06-22,"CO_IVBed_C19_Rec",0
2020-06-22,"CO_IVBed_C19_Sus",5
2020-06-22,"CO_IVBed_NonC19",12
2020-06-22,"CO_IVBed_Spare",23
2020-06-23,"CO_GABed_C19_Con",9
2020-06-23,"CO_GABed_C19_Rec",55
2020-06-23,"CO_GABed_C19_Sus",29
2020-06-23,"CO_GABed_NonC19",904
2020-06-23,"CO_GABed_Spare",172
2020-06-23,"CO_IVBed_C19_Con",0
2020-06-23,"CO_IVBed_C19_Rec",0
2020-06-23,"CO_IVBed_C19_Sus",3
2020-06-23,"CO_IVBed_NonC19",17
2020-06-23,"CO_IVBed_Spare",20
2020-06-24,"CO_GABed_C19_Con",8
2020-06-24,"CO_GABed_C19_Rec",47
2020-06-24,"CO_GABed_C19_Sus",34
2020-06-24,"CO_GABed_NonC19",893
2020-06-24,"CO_GABed_Spare",190
2020-06-24,"CO_IVBed_C19_Con",0
2020-06-24,"CO_IVBed_C19_Rec",0
2020-06-24,"CO_IVBed_C19_Sus",1
2020-06-24,"CO_IVBed_NonC19",20
2020-06-24,"CO_IVBed_Spare",19
2020-06-25,"CO_GABed_C19_Con",7
2020-06-25,"CO_GABed_C19_Rec",47
2020-06-25,"CO_GABed_C19_Sus",42
2020-06-25,"CO_GABed_NonC19",884
2020-06-25,"CO_GABed_Spare",213
2020-06-25,"CO_IVBed_C19_Con",0
2020-06-25,"CO_IVBed_C19_Rec",0
2020-06-25,"CO_IVBed_C19_Sus",0
2020-06-25,"CO_IVBed_NonC19",18
2020-06-25,"CO_IVBed_Spare",22
2020-06-26,"CO_GABed_C19_Con",4
2020-06-26,"CO_GABed_C19_Rec",47
2020-06-26,"CO_GABed_C19_Sus",41
2020-06-26,"CO_GABed_NonC19",895
2020-06-26,"CO_GABed_Spare",180
2020-06-26,"CO_IVBed_C19_Con",0
2020-06-26,"CO_IVBed_C19_Rec",0
2020-06-26,"CO_IVBed_C19_Sus",0
2020-06-26,"CO_IVBed_NonC19",19
2020-06-26,"CO_IVBed_Spare",21
2020-06-27,"CO_GABed_C19_Con",3
2020-06-27,"CO_GABed_C19_Rec",28
2020-06-27,"CO_GABed_C19_Sus",34
2020-06-27,"CO_GABed_NonC19",943
2020-06-27,"CO_GABed_Spare",159
2020-06-27,"CO_IVBed_C19_Con",0
2020-06-27,"CO_IVBed_C19_Rec",0
2020-06-27,"CO_IVBed_C19_Sus",1
2020-06-27,"CO_IVBed_NonC19",18
2020-06-27,"CO_IVBed_Spare",21
2020-06-28,"CO_GABed_C19_Con",4
2020-06-28,"CO_GABed_C19_Rec",39
2020-06-28,"CO_GABed_C19_Sus",36
2020-06-28,"CO_GABed_NonC19",924
2020-06-28,"CO_GABed_Spare",164
2020-06-28,"CO_IVBed_C19_Con",1
2020-06-28,"CO_IVBed_C19_Rec",0
2020-06-28,"CO_IVBed_C19_Sus",2
2020-06-28,"CO_IVBed_NonC19",12
2020-06-28,"CO_IVBed_Spare",25
2020-06-29,"CO_GABed_C19_Con",4
2020-06-29,"CO_GABed_C19_Rec",42
2020-06-29,"CO_GABed_C19_Sus",36
2020-06-29,"CO_GABed_NonC19",965
2020-06-29,"CO_GABed_Spare",113
2020-06-29,"CO_IVBed_C19_Con",1
2020-06-29,"CO_IVBed_C19_Rec",0
2020-06-29,"CO_IVBed_C19_Sus",1
2020-06-29,"CO_IVBed_NonC19",15
2020-06-29,"CO_IVBed_Spare",23
2020-06-30,"CO_GABed_C19_Con",5
2020-06-30,"CO_GABed_C19_Rec",42
2020-06-30,"CO_GABed_C19_Sus",20
2020-06-30,"CO_GABed_NonC19",937
2020-06-30,"CO_GABed_Spare",161
2020-06-30,"CO_IVBed_C19_Con",1
2020-06-30,"CO_IVBed_C19_Rec",0
2020-06-30,"CO_IVBed_C19_Sus",3
2020-06-30,"CO_IVBed_NonC19",16
2020-06-30,"CO_IVBed_Spare",20
2020-07-01,"CO_GABed_C19_Con",7
2020-07-01,"CO_GABed_C19_Rec",33
2020-07-01,"CO_GABed_C19_Sus",16
2020-07-01,"CO_GABed_NonC19",906
2020-07-01,"CO_GABed_Spare",199
2020-07-01,"CO_IVBed_C19_Con",1
2020-07-01,"CO_IVBed_C19_Rec",0
2020-07-01,"CO_IVBed_C19_Sus",1
2020-07-01,"CO_IVBed_NonC19",17
2020-07-01,"CO_IVBed_Spare",21
2020-07-02,"CO_GABed_C19_Con",5
2020-07-02,"CO_GABed_C19_Rec",34
2020-07-02,"CO_GABed_C19_Sus",22
2020-07-02,"CO_GABed_NonC19",884
2020-07-02,"CO_GABed_Spare",215
2020-07-02,"CO_IVBed_C19_Con",1
2020-07-02,"CO_IVBed_C19_Rec",0
2020-07-02,"CO_IVBed_C19_Sus",0
2020-07-02,"CO_IVBed_NonC19",15
2020-07-02,"CO_IVBed_Spare",24
2020-07-03,"CO_GABed_C19_Con",4
2020-07-03,"CO_GABed_C19_Rec",32
2020-07-03,"CO_GABed_C19_Sus",24
2020-07-03,"CO_GABed_NonC19",891
2020-07-03,"CO_GABed_Spare",215
2020-07-03,"CO_IVBed_C19_Con",1
2020-07-03,"CO_IVBed_C19_Rec",0
2020-07-03,"CO_IVBed_C19_Sus",0
2020-07-03,"CO_IVBed_NonC19",13
2020-07-03,"CO_IVBed_Spare",26
2020-07-04,"CO_GABed_C19_Con",9
2020-07-04,"CO_GABed_C19_Rec",27
2020-07-04,"CO_GABed_C19_Sus",27
2020-07-04,"CO_GABed_NonC19",827
2020-07-04,"CO_GABed_Spare",271
2020-07-04,"CO_IVBed_C19_Con",1
2020-07-04,"CO_IVBed_C19_Rec",0
2020-07-04,"CO_IVBed_C19_Sus",2
2020-07-04,"CO_IVBed_NonC19",10
2020-07-04,"CO_IVBed_Spare",39
2020-07-05,"CO_GABed_C19_Con",6
2020-07-05,"CO_GABed_C19_Rec",26
2020-07-05,"CO_GABed_C19_Sus",18
2020-07-05,"CO_GABed_NonC19",925
2020-07-05,"CO_GABed_Spare",193
2020-07-05,"CO_IVBed_C19_Con",1
2020-07-05,"CO_IVBed_C19_Rec",0
2020-07-05,"CO_IVBed_C19_Sus",0
2020-07-05,"CO_IVBed_NonC19",14
2020-07-05,"CO_IVBed_Spare",37
2020-07-06,"CO_GABed_C19_Con",7
2020-07-06,"CO_GABed_C19_Rec",24
2020-07-06,"CO_GABed_C19_Sus",24
2020-07-06,"CO_GABed_NonC19",944
2020-07-06,"CO_GABed_Spare",169
2020-07-06,"CO_IVBed_C19_Con",0
2020-07-06,"CO_IVBed_C19_Rec",0
2020-07-06,"CO_IVBed_C19_Sus",0
2020-07-06,"CO_IVBed_NonC19",14
2020-07-06,"CO_IVBed_Spare",38
2020-07-07,"CO_GABed_C19_Con",6
2020-07-07,"CO_GABed_C19_Rec",24
2020-07-07,"CO_GABed_C19_Sus",15
2020-07-07,"CO_GABed_NonC19",961
2020-07-07,"CO_GABed_Spare",166
2020-07-07,"CO_IVBed_C19_Con",1
2020-07-07,"CO_IVBed_C19_Rec",0
2020-07-07,"CO_IVBed_C19_Sus",1
2020-07-07,"CO_IVBed_NonC19",11
2020-07-07,"CO_IVBed_Spare",39
2020-07-08,"CO_GABed_C19_Con",6
2020-07-08,"CO_GABed_C19_Rec",24
2020-07-08,"CO_GABed_C19_Sus",23
2020-07-08,"CO_GABed_NonC19",954
2020-07-08,"CO_GABed_Spare",177
2020-07-08,"CO_IVBed_C19_Con",0
2020-07-08,"CO_IVBed_C19_Rec",0
2020-07-08,"CO_IVBed_C19_Sus",0
2020-07-08,"CO_IVBed_NonC19",15
2020-07-08,"CO_IVBed_Spare",37
2020-07-09,"CO_GABed_C19_Con",5
2020-07-09,"CO_GABed_C19_Rec",25
2020-07-09,"CO_GABed_C19_Sus",24
2020-07-09,"CO_GABed_NonC19",931
2020-07-09,"CO_GABed_Spare",177
2020-07-09,"CO_IVBed_C19_Con",0
2020-07-09,"CO_IVBed_C19_Rec",0
2020-07-09,"CO_IVBed_C19_Sus",0
2020-07-09,"CO_IVBed_NonC19",14
2020-07-09,"CO_IVBed_Spare",38
2020-07-10,"CO_GABed_C19_Con",4
2020-07-10,"CO_GABed_C19_Rec",27
2020-07-10,"CO_GABed_C19_Sus",20
2020-07-10,"CO_GABed_NonC19",1109
2020-07-10,"CO_GABed_Spare",220
2020-07-10,"CO_IVBed_C19_Con",0
2020-07-10,"CO_IVBed_C19_Rec",0
2020-07-10,"CO_IVBed_C19_Sus",2
2020-07-10,"CO_IVBed_NonC19",14
2020-07-10,"CO_IVBed_Spare",24
2020-07-11,"CO_GABed_C19_Con",4
2020-07-11,"CO_GABed_C19_Rec",26
2020-07-11,"CO_GABed_C19_Sus",25
2020-07-11,"CO_GABed_NonC19",1115
2020-07-11,"CO_GABed_Spare",160
2020-07-11,"CO_IVBed_C19_Con",0
2020-07-11,"CO_IVBed_C19_Rec",0
2020-07-11,"CO_IVBed_C19_Sus",1
2020-07-11,"CO_IVBed_NonC19",15
2020-07-11,"CO_IVBed_Spare",24
2020-07-12,"CO_GABed_C19_Con",5
2020-07-12,"CO_GABed_C19_Rec",26
2020-07-12,"CO_GABed_C19_Sus",18
2020-07-12,"CO_GABed_NonC19",1141
2020-07-12,"CO_GABed_Spare",140
2020-07-12,"CO_IVBed_C19_Con",0
2020-07-12,"CO_IVBed_C19_Rec",0
2020-07-12,"CO_IVBed_C19_Sus",2
2020-07-12,"CO_IVBed_NonC19",15
2020-07-12,"CO_IVBed_Spare",23
2020-07-13,"CO_GABed_C19_Con",4
2020-07-13,"CO_GABed_C19_Rec",27
2020-07-13,"CO_GABed_C19_Sus",23
2020-07-13,"CO_GABed_NonC19",1149
2020-07-13,"CO_GABed_Spare",142
2020-07-13,"CO_IVBed_C19_Con",0
2020-07-13,"CO_IVBed_C19_Rec",0
2020-07-13,"CO_IVBed_C19_Sus",4
2020-07-13,"CO_IVBed_NonC19",13
2020-07-13,"CO_IVBed_Spare",23
2020-07-14,"CO_GABed_C19_Con",4
2020-07-14,"CO_GABed_C19_Rec",30
2020-07-14,"CO_GABed_C19_Sus",14
2020-07-14,"CO_GABed_NonC19",1145
2020-07-14,"CO_GABed_Spare",152
2020-07-14,"CO_IVBed_C19_Con",0
2020-07-14,"CO_IVBed_C19_Rec",0
2020-07-14,"CO_IVBed_C19_Sus",0
2020-07-14,"CO_IVBed_NonC19",18
2020-07-14,"CO_IVBed_Spare",20
2020-07-15,"CO_GABed_C19_Con",3
2020-07-15,"CO_GABed_C19_Rec",28
2020-07-15,"CO_GABed_C19_Sus",14
2020-07-15,"CO_GABed_NonC19",1174
2020-07-15,"CO_GABed_Spare",126
2020-07-15,"CO_IVBed_C19_Con",0
2020-07-15,"CO_IVBed_C19_Rec",0
2020-07-15,"CO_IVBed_C19_Sus",0
2020-07-15,"CO_IVBed_NonC19",15
2020-07-15,"CO_IVBed_Spare",23
2020-07-16,"CO_GABed_C19_Con",3
2020-07-16,"CO_GABed_C19_Rec",28
2020-07-16,"CO_GABed_C19_Sus",15
2020-07-16,"CO_GABed_NonC19",1154
2020-07-16,"CO_GABed_Spare",145
2020-07-16,"CO_IVBed_C19_Con",0
2020-07-16,"CO_IVBed_C19_Rec",0
2020-07-16,"CO_IVBed_C19_Sus",1
2020-07-16,"CO_IVBed_NonC19",17
2020-07-16,"CO_IVBed_Spare",20
2020-07-17,"CO_GABed_C19_Con",3
2020-07-17,"CO_GABed_C19_Rec",27
2020-07-17,"CO_GABed_C19_Sus",15
2020-07-17,"CO_GABed_NonC19",1175
2020-07-17,"CO_GABed_Spare",125
2020-07-17,"CO_IVBed_C19_Con",0
2020-07-17,"CO_IVBed_C19_Rec",0
2020-07-17,"CO_IVBed_C19_Sus",1
2020-07-17,"CO_IVBed_NonC19",14
2020-07-17,"CO_IVBed_Spare",23
2020-07-18,"CO_GABed_C19_Con",3
2020-07-18,"CO_GABed_C19_Rec",27
2020-07-18,"CO_GABed_C19_Sus",11
2020-07-18,"CO_GABed_NonC19",1187
2020-07-18,"CO_GABed_Spare",140
2020-07-18,"CO_IVBed_C19_Con",0
2020-07-18,"CO_IVBed_C19_Rec",0
2020-07-18,"CO_IVBed_C19_Sus",1
2020-07-18,"CO_IVBed_NonC19",12
2020-07-18,"CO_IVBed_Spare",25
2020-07-19,"CO_GABed_C19_Con",2
2020-07-19,"CO_GABed_C19_Rec",27
2020-07-19,"CO_GABed_C19_Sus",13
2020-07-19,"CO_GABed_NonC19",1180
2020-07-19,"CO_GABed_Spare",123
2020-07-19,"CO_IVBed_C19_Con",0
2020-07-19,"CO_IVBed_C19_Rec",0
2020-07-19,"CO_IVBed_C19_Sus",1
2020-07-19,"CO_IVBed_NonC19",12
2020-07-19,"CO_IVBed_Spare",25
2020-07-20,"CO_GABed_C19_Con",2
2020-07-20,"CO_GABed_C19_Rec",28
2020-07-20,"CO_GABed_C19_Sus",16
2020-07-20,"CO_GABed_NonC19",1197
2020-07-20,"CO_GABed_Spare",102
2020-07-20,"CO_IVBed_C19_Con",0
2020-07-20,"CO_IVBed_C19_Rec",0
2020-07-20,"CO_IVBed_C19_Sus",0
2020-07-20,"CO_IVBed_NonC19",14
2020-07-20,"CO_IVBed_Spare",24
2020-07-21,"CO_GABed_C19_Con",1
2020-07-21,"CO_GABed_C19_Rec",28
2020-07-21,"CO_GABed_C19_Sus",17
2020-07-21,"CO_GABed_NonC19",1196
2020-07-21,"CO_GABed_Spare",110
2020-07-21,"CO_IVBed_C19_Con",0
2020-07-21,"CO_IVBed_C19_Rec",0
2020-07-21,"CO_IVBed_C19_Sus",2
2020-07-21,"CO_IVBed_NonC19",11
2020-07-21,"CO_IVBed_Spare",25
2020-07-22,"CO_GABed_C19_Con",1
2020-07-22,"CO_GABed_C19_Rec",28
2020-07-22,"CO_GABed_C19_Sus",13
2020-07-22,"CO_GABed_NonC19",1169
2020-07-22,"CO_GABed_Spare",141
2020-07-22,"CO_IVBed_C19_Con",0
2020-07-22,"CO_IVBed_C19_Rec",0
2020-07-22,"CO_IVBed_C19_Sus",1
2020-07-22,"CO_IVBed_NonC19",12
2020-07-22,"CO_IVBed_Spare",25
2020-07-23,"CO_GABed_C19_Con",1
2020-07-23,"CO_GABed_C19_Rec",29
2020-07-23,"CO_GABed_C19_Sus",10
2020-07-23,"CO_GABed_NonC19",1168
2020-07-23,"CO_GABed_Spare",139
2020-07-23,"CO_IVBed_C19_Con",0
2020-07-23,"CO_IVBed_C19_Rec",0
2020-07-23,"CO_IVBed_C19_Sus",0
2020-07-23,"CO_IVBed_NonC19",12
2020-07-23,"CO_IVBed_Spare",26
2020-07-24,"CO_GABed_C19_Con",1
2020-07-24,"CO_GABed_C19_Rec",29
2020-07-24,"CO_GABed_C19_Sus",19
2020-07-24,"CO_GABed_NonC19",1136
2020-07-24,"CO_GABed_Spare",164
2020-07-24,"CO_IVBed_C19_Con",0
2020-07-24,"CO_IVBed_C19_Rec",0
2020-07-24,"CO_IVBed_C19_Sus",2
2020-07-24,"CO_IVBed_NonC19",12
2020-07-24,"CO_IVBed_Spare",22
2020-07-25,"CO_GABed_C19_Con",1
2020-07-25,"CO_GABed_C19_Rec",29
2020-07-25,"CO_GABed_C19_Sus",14
2020-07-25,"CO_GABed_NonC19",1135
2020-07-25,"CO_GABed_Spare",170
2020-07-25,"CO_IVBed_C19_Con",0
2020-07-25,"CO_IVBed_C19_Rec",0
2020-07-25,"CO_IVBed_C19_Sus",0
2020-07-25,"CO_IVBed_NonC19",17
2020-07-25,"CO_IVBed_Spare",19
2020-07-26,"CO_GABed_C19_Con",0
2020-07-26,"CO_GABed_C19_Rec",29
2020-07-26,"CO_GABed_C19_Sus",8
2020-07-26,"CO_GABed_NonC19",1166
2020-07-26,"CO_GABed_Spare",169
2020-07-26,"CO_IVBed_C19_Con",0
2020-07-26,"CO_IVBed_C19_Rec",0
2020-07-26,"CO_IVBed_C19_Sus",0
2020-07-26,"CO_IVBed_NonC19",10
2020-07-26,"CO_IVBed_Spare",26
2020-07-27,"CO_GABed_C19_Con",0
2020-07-27,"CO_GABed_C19_Rec",29
2020-07-27,"CO_GABed_C19_Sus",8
2020-07-27,"CO_GABed_NonC19",1187
2020-07-27,"CO_GABed_Spare",148
2020-07-27,"CO_IVBed_C19_Con",0
2020-07-27,"CO_IVBed_C19_Rec",0
2020-07-27,"CO_IVBed_C19_Sus",2
2020-07-27,"CO_IVBed_NonC19",13
2020-07-27,"CO_IVBed_Spare",21
2020-07-28,"CO_GABed_C19_Con",0
2020-07-28,"CO_GABed_C19_Rec",29
2020-07-28,"CO_GABed_C19_Sus",11
2020-07-28,"CO_GABed_NonC19",1170
2020-07-28,"CO_GABed_Spare",162
2020-07-28,"CO_IVBed_C19_Con",0
2020-07-28,"CO_IVBed_C19_Rec",0
2020-07-28,"CO_IVBed_C19_Sus",0
2020-07-28,"CO_IVBed_NonC19",16
2020-07-28,"CO_IVBed_Spare",20
2020-07-29,"CO_GABed_C19_Con",0
2020-07-29,"CO_GABed_C19_Rec",36
2020-07-29,"CO_GABed_C19_Sus",13
2020-07-29,"CO_GABed_NonC19",1153
2020-07-29,"CO_GABed_Spare",166
2020-07-29,"CO_IVBed_C19_Con",0
2020-07-29,"CO_IVBed_C19_Rec",0
2020-07-29,"CO_IVBed_C19_Sus",0
2020-07-29,"CO_IVBed_NonC19",17
2020-07-29,"CO_IVBed_Spare",19
2020-07-30,"CO_GABed_C19_Con",1
2020-07-30,"CO_GABed_C19_Rec",36
2020-07-30,"CO_GABed_C19_Sus",10
2020-07-30,"CO_GABed_NonC19",1142
2020-07-30,"CO_GABed_Spare",179
2020-07-30,"CO_IVBed_C19_Con",0
2020-07-30,"CO_IVBed_C19_Rec",0
2020-07-30,"CO_IVBed_C19_Sus",1
2020-07-30,"CO_IVBed_NonC19",12
2020-07-30,"CO_IVBed_Spare",23
2020-07-31,"CO_GABed_C19_Con",1
2020-07-31,"CO_GABed_C19_Rec",28
2020-07-31,"CO_GABed_C19_Sus",16
2020-07-31,"CO_GABed_NonC19",1162
2020-07-31,"CO_GABed_Spare",144
2020-07-31,"CO_IVBed_C19_Con",0
2020-07-31,"CO_IVBed_C19_Rec",0
2020-07-31,"CO_IVBed_C19_Sus",2
2020-07-31,"CO_IVBed_NonC19",15
2020-07-31,"CO_IVBed_Spare",19
2020-08-01,"CO_GABed_C19_Con",2
2020-08-01,"CO_GABed_C19_Rec",28
2020-08-01,"CO_GABed_C19_Sus",16
2020-08-01,"CO_GABed_NonC19",1156
2020-08-01,"CO_GABed_Spare",149
2020-08-01,"CO_IVBed_C19_Con",0
2020-08-01,"CO_IVBed_C19_Rec",0
2020-08-01,"CO_IVBed_C19_Sus",0
2020-08-01,"CO_IVBed_NonC19",15
2020-08-01,"CO_IVBed_Spare",21
2020-08-02,"CO_GABed_C19_Con",2
2020-08-02,"CO_GABed_C19_Rec",28
2020-08-02,"CO_GABed_C19_Sus",17
2020-08-02,"CO_GABed_NonC19",1156
2020-08-02,"CO_GABed_Spare",147
2020-08-02,"CO_IVBed_C19_Con",0
2020-08-02,"CO_IVBed_C19_Rec",0
2020-08-02,"CO_IVBed_C19_Sus",0
2020-08-02,"CO_IVBed_NonC19",15
2020-08-02,"CO_IVBed_Spare",21
2020-08-03,"CO_GABed_C19_Con",2
2020-08-03,"CO_GABed_C19_Rec",28
2020-08-03,"CO_GABed_C19_Sus",3
2020-08-03,"CO_GABed_NonC19",1196
2020-08-03,"CO_GABed_Spare",121
2020-08-03,"CO_IVBed_C19_Con",0
2020-08-03,"CO_IVBed_C19_Rec",0
2020-08-03,"CO_IVBed_C19_Sus",1
2020-08-03,"CO_IVBed_NonC19",16
2020-08-03,"CO_IVBed_Spare",19
2020-08-04,"CO_GABed_C19_Con",3
2020-08-04,"CO_GABed_C19_Rec",28
2020-08-04,"CO_GABed_C19_Sus",10
2020-08-04,"CO_GABed_NonC19",1128
2020-08-04,"CO_GABed_Spare",178
2020-08-04,"CO_IVBed_C19_Con",0
2020-08-04,"CO_IVBed_C19_Rec",0
2020-08-04,"CO_IVBed_C19_Sus",0
2020-08-04,"CO_IVBed_NonC19",18
2020-08-04,"CO_IVBed_Spare",18
2020-08-05,"CO_GABed_C19_Con",4
2020-08-05,"CO_GABed_C19_Rec",28
2020-08-05,"CO_GABed_C19_Sus",11
2020-08-05,"CO_GABed_NonC19",1184
2020-08-05,"CO_GABed_Spare",139
2020-08-05,"CO_IVBed_C19_Con",0
2020-08-05,"CO_IVBed_C19_Rec",0
2020-08-05,"CO_IVBed_C19_Sus",0
2020-08-05,"CO_IVBed_NonC19",15
2020-08-05,"CO_IVBed_Spare",21
2020-08-06,"CO_GABed_C19_Con",5
2020-08-06,"CO_GABed_C19_Rec",25
2020-08-06,"CO_GABed_C19_Sus",12
2020-08-06,"CO_GABed_NonC19",1157
2020-08-06,"CO_GABed_Spare",164
2020-08-06,"CO_IVBed_C19_Con",0
2020-08-06,"CO_IVBed_C19_Rec",0
2020-08-06,"CO_IVBed_C19_Sus",0
2020-08-06,"CO_IVBed_NonC19",13
2020-08-06,"CO_IVBed_Spare",23
2020-08-07,"CO_GABed_C19_Con",6
2020-08-07,"CO_GABed_C19_Rec",25
2020-08-07,"CO_GABed_C19_Sus",13
2020-08-07,"CO_GABed_NonC19",1155
2020-08-07,"CO_GABed_Spare",165
2020-08-07,"CO_IVBed_C19_Con",0
2020-08-07,"CO_IVBed_C19_Rec",0
2020-08-07,"CO_IVBed_C19_Sus",0
2020-08-07,"CO_IVBed_NonC19",13
2020-08-07,"CO_IVBed_Spare",23
2020-08-08,"CO_GABed_C19_Con",7
2020-08-08,"CO_GABed_C19_Rec",22
2020-08-08,"CO_GABed_C19_Sus",8
2020-08-08,"CO_GABed_NonC19",1176
2020-08-08,"CO_GABed_Spare",153
2020-08-08,"CO_IVBed_C19_Con",0
2020-08-08,"CO_IVBed_C19_Rec",0
2020-08-08,"CO_IVBed_C19_Sus",0
2020-08-08,"CO_IVBed_NonC19",13
2020-08-08,"CO_IVBed_Spare",21
2020-08-09,"CO_GABed_C19_Con",7
2020-08-09,"CO_GABed_C19_Rec",22
2020-08-09,"CO_GABed_C19_Sus",11
2020-08-09,"CO_GABed_NonC19",1153
2020-08-09,"CO_GABed_Spare",173
2020-08-09,"CO_IVBed_C19_Con",0
2020-08-09,"CO_IVBed_C19_Rec",0
2020-08-09,"CO_IVBed_C19_Sus",0
2020-08-09,"CO_IVBed_NonC19",19
2020-08-09,"CO_IVBed_Spare",15
2020-08-10,"CO_GABed_C19_Con",6
2020-08-10,"CO_GABed_C19_Rec",22
2020-08-10,"CO_GABed_C19_Sus",8
2020-08-10,"CO_GABed_NonC19",1176
2020-08-10,"CO_GABed_Spare",154
2020-08-10,"CO_IVBed_C19_Con",0
2020-08-10,"CO_IVBed_C19_Rec",0
2020-08-10,"CO_IVBed_C19_Sus",0
2020-08-10,"CO_IVBed_NonC19",18
2020-08-10,"CO_IVBed_Spare",16
2020-08-11,"CO_GABed_C19_Con",6
2020-08-11,"CO_GABed_C19_Rec",22
2020-08-11,"CO_GABed_C19_Sus",12
2020-08-11,"CO_GABed_NonC19",1208
2020-08-11,"CO_GABed_Spare",118
2020-08-11,"CO_IVBed_C19_Con",0
2020-08-11,"CO_IVBed_C19_Rec",0
2020-08-11,"CO_IVBed_C19_Sus",0
2020-08-11,"CO_IVBed_NonC19",15
2020-08-11,"CO_IVBed_Spare",19
2020-08-12,"CO_GABed_C19_Con",6
2020-08-12,"CO_GABed_C19_Rec",22
2020-08-12,"CO_GABed_C19_Sus",15
2020-08-12,"CO_GABed_NonC19",1147
2020-08-12,"CO_GABed_Spare",176
2020-08-12,"CO_IVBed_C19_Con",0
2020-08-12,"CO_IVBed_C19_Rec",0
2020-08-12,"CO_IVBed_C19_Sus",0
2020-08-12,"CO_IVBed_NonC19",16
2020-08-12,"CO_IVBed_Spare",18
2020-08-13,"CO_GABed_C19_Con",5
2020-08-13,"CO_GABed_C19_Rec",23
2020-08-13,"CO_GABed_C19_Sus",13
2020-08-13,"CO_GABed_NonC19",1151
2020-08-13,"CO_GABed_Spare",169
2020-08-13,"CO_IVBed_C19_Con",0
2020-08-13,"CO_IVBed_C19_Rec",0
2020-08-13,"CO_IVBed_C19_Sus",0
2020-08-13,"CO_IVBed_NonC19",19
2020-08-13,"CO_IVBed_Spare",15
2020-08-14,"CO_GABed_C19_Con",4
2020-08-14,"CO_GABed_C19_Rec",23
2020-08-14,"CO_GABed_C19_Sus",16
2020-08-14,"CO_GABed_NonC19",1165
2020-08-14,"CO_GABed_Spare",161
2020-08-14,"CO_IVBed_C19_Con",0
2020-08-14,"CO_IVBed_C19_Rec",0
2020-08-14,"CO_IVBed_C19_Sus",0
2020-08-14,"CO_IVBed_NonC19",18
2020-08-14,"CO_IVBed_Spare",16
2020-08-15,"CO_GABed_C19_Con",6
2020-08-15,"CO_GABed_C19_Rec",23
2020-08-15,"CO_GABed_C19_Sus",15
2020-08-15,"CO_GABed_NonC19",1197
2020-08-15,"CO_GABed_Spare",127
2020-08-15,"CO_IVBed_C19_Con",0
2020-08-15,"CO_IVBed_C19_Rec",0
2020-08-15,"CO_IVBed_C19_Sus",0
2020-08-15,"CO_IVBed_NonC19",17
2020-08-15,"CO_IVBed_Spare",17
2020-08-16,"CO_GABed_C19_Con",6
2020-08-16,"CO_GABed_C19_Rec",23
2020-08-16,"CO_GABed_C19_Sus",7
2020-08-16,"CO_GABed_NonC19",1202
2020-08-16,"CO_GABed_Spare",135
2020-08-16,"CO_IVBed_C19_Con",0
2020-08-16,"CO_IVBed_C19_Rec",0
2020-08-16,"CO_IVBed_C19_Sus",1
2020-08-16,"CO_IVBed_NonC19",19
2020-08-16,"CO_IVBed_Spare",7
2020-08-17,"CO_GABed_C19_Con",5
2020-08-17,"CO_GABed_C19_Rec",23
2020-08-17,"CO_GABed_C19_Sus",15
2020-08-17,"CO_GABed_NonC19",1222
2020-08-17,"CO_GABed_Spare",110
2020-08-17,"CO_IVBed_C19_Con",0
2020-08-17,"CO_IVBed_C19_Rec",0
2020-08-17,"CO_IVBed_C19_Sus",0
2020-08-17,"CO_IVBed_NonC19",22
2020-08-17,"CO_IVBed_Spare",5
2020-08-18,"CO_GABed_C19_Con",5
2020-08-18,"CO_GABed_C19_Rec",23
2020-08-18,"CO_GABed_C19_Sus",19
2020-08-18,"CO_GABed_NonC19",1211
2020-08-18,"CO_GABed_Spare",116
2020-08-18,"CO_IVBed_C19_Con",0
2020-08-18,"CO_IVBed_C19_Rec",0
2020-08-18,"CO_IVBed_C19_Sus",0
2020-08-18,"CO_IVBed_NonC19",19
2020-08-18,"CO_IVBed_Spare",8
2020-08-19,"CO_GABed_C19_Con",3
2020-08-19,"CO_GABed_C19_Rec",25
2020-08-19,"CO_GABed_C19_Sus",9
2020-08-19,"CO_GABed_NonC19",1186
2020-08-19,"CO_GABed_Spare",154
2020-08-19,"CO_IVBed_C19_Con",0
2020-08-19,"CO_IVBed_C19_Rec",0
2020-08-19,"CO_IVBed_C19_Sus",0
2020-08-19,"CO_IVBed_NonC19",21
2020-08-19,"CO_IVBed_Spare",6
2020-08-20,"CO_GABed_C19_Con",2
2020-08-20,"CO_GABed_C19_Rec",25
2020-08-20,"CO_GABed_C19_Sus",14
2020-08-20,"CO_GABed_NonC19",1205
2020-08-20,"CO_GABed_Spare",131
2020-08-20,"CO_IVBed_C19_Con",0
2020-08-20,"CO_IVBed_C19_Rec",0
2020-08-20,"CO_IVBed_C19_Sus",0
2020-08-20,"CO_IVBed_NonC19",24
2020-08-20,"CO_IVBed_Spare",3
2020-08-21,"CO_GABed_C19_Con",1
2020-08-21,"CO_GABed_C19_Rec",25
2020-08-21,"CO_GABed_C19_Sus",11
2020-08-21,"CO_GABed_NonC19",1186
2020-08-21,"CO_GABed_Spare",154
2020-08-21,"CO_IVBed_C19_Con",0
2020-08-21,"CO_IVBed_C19_Rec",0
2020-08-21,"CO_IVBed_C19_Sus",1
2020-08-21,"CO_IVBed_NonC19",20
2020-08-21,"CO_IVBed_Spare",6
2020-08-22,"CO_GABed_C19_Con",1
2020-08-22,"CO_GABed_C19_Rec",25
2020-08-22,"CO_GABed_C19_Sus",10
2020-08-22,"CO_GABed_NonC19",1208
2020-08-22,"CO_GABed_Spare",133
2020-08-22,"CO_IVBed_C19_Con",0
2020-08-22,"CO_IVBed_C19_Rec",0
2020-08-22,"CO_IVBed_C19_Sus",0
2020-08-22,"CO_IVBed_NonC19",18
2020-08-22,"CO_IVBed_Spare",9
2020-08-23,"CO_GABed_C19_Con",2
2020-08-23,"CO_GABed_C19_Rec",24
2020-08-23,"CO_GABed_C19_Sus",12
2020-08-23,"CO_GABed_NonC19",1216
2020-08-23,"CO_GABed_Spare",123
2020-08-23,"CO_IVBed_C19_Con",0
2020-08-23,"CO_IVBed_C19_Rec",0
2020-08-23,"CO_IVBed_C19_Sus",1
2020-08-23,"CO_IVBed_NonC19",18
2020-08-23,"CO_IVBed_Spare",8
2020-08-24,"CO_GABed_C19_Con",1
2020-08-24,"CO_GABed_C19_Rec",24
2020-08-24,"CO_GABed_C19_Sus",15
2020-08-24,"CO_GABed_NonC19",1211
2020-08-24,"CO_GABed_Spare",123
2020-08-24,"CO_IVBed_C19_Con",0
2020-08-24,"CO_IVBed_C19_Rec",0
2020-08-24,"CO_IVBed_C19_Sus",0
2020-08-24,"CO_IVBed_NonC19",20
2020-08-24,"CO_IVBed_Spare",7
2020-08-25,"CO_GABed_C19_Con",1
2020-08-25,"CO_GABed_C19_Rec",24
2020-08-25,"CO_GABed_C19_Sus",17
2020-08-25,"CO_GABed_NonC19",1207
2020-08-25,"CO_GABed_Spare",125
2020-08-25,"CO_IVBed_C19_Con",0
2020-08-25,"CO_IVBed_C19_Rec",0
2020-08-25,"CO_IVBed_C19_Sus",0
2020-08-25,"CO_IVBed_NonC19",19
2020-08-25,"CO_IVBed_Spare",8
2020-08-26,"CO_GABed_C19_Con",1
2020-08-26,"CO_GABed_C19_Rec",24
2020-08-26,"CO_GABed_C19_Sus",14
2020-08-26,"CO_GABed_NonC19",1200
2020-08-26,"CO_GABed_Spare",136
2020-08-26,"CO_IVBed_C19_Con",0
2020-08-26,"CO_IVBed_C19_Rec",0
2020-08-26,"CO_IVBed_C19_Sus",0
2020-08-26,"CO_IVBed_NonC19",17
2020-08-26,"CO_IVBed_Spare",10
2020-08-27,"CO_GABed_C19_Con",2
2020-08-27,"CO_GABed_C19_Rec",23
2020-08-27,"CO_GABed_C19_Sus",14
2020-08-27,"CO_GABed_NonC19",1196
2020-08-27,"CO_GABed_Spare",138
2020-08-27,"CO_IVBed_C19_Con",0
2020-08-27,"CO_IVBed_C19_Rec",0
2020-08-27,"CO_IVBed_C19_Sus",0
2020-08-27,"CO_IVBed_NonC19",17
2020-08-27,"CO_IVBed_Spare",10
2020-08-28,"CO_GABed_C19_Con",2
2020-08-28,"CO_GABed_C19_Rec",23
2020-08-28,"CO_GABed_C19_Sus",9
2020-08-28,"CO_GABed_NonC19",1196
2020-08-28,"CO_GABed_Spare",104
2020-08-28,"CO_IVBed_C19_Con",0
2020-08-28,"CO_IVBed_C19_Rec",0
2020-08-28,"CO_IVBed_C19_Sus",0
2020-08-28,"CO_IVBed_NonC19",18
2020-08-28,"CO_IVBed_Spare",9
2020-08-29,"CO_GABed_C19_Con",1
2020-08-29,"CO_GABed_C19_Rec",23
2020-08-29,"CO_GABed_C19_Sus",7
2020-08-29,"CO_GABed_NonC19",1191
2020-08-29,"CO_GABed_Spare",113
2020-08-29,"CO_IVBed_C19_Con",0
2020-08-29,"CO_IVBed_C19_Rec",0
2020-08-29,"CO_IVBed_C19_Sus",1
2020-08-29,"CO_IVBed_NonC19",23
2020-08-29,"CO_IVBed_Spare",3
2020-08-30,"CO_GABed_C19_Con",1
2020-08-30,"CO_GABed_C19_Rec",22
2020-08-30,"CO_GABed_C19_Sus",4
2020-08-30,"CO_GABed_NonC19",1168
2020-08-30,"CO_GABed_Spare",140
2020-08-30,"CO_IVBed_C19_Con",0
2020-08-30,"CO_IVBed_C19_Rec",0
2020-08-30,"CO_IVBed_C19_Sus",0
2020-08-30,"CO_IVBed_NonC19",22
2020-08-30,"CO_IVBed_Spare",5
2020-08-31,"CO_GABed_C19_Con",0
2020-08-31,"CO_GABed_C19_Rec",20
2020-08-31,"CO_GABed_C19_Sus",5
2020-08-31,"CO_GABed_NonC19",1221
2020-08-31,"CO_GABed_Spare",89
2020-08-31,"CO_IVBed_C19_Con",0
2020-08-31,"CO_IVBed_C19_Rec",0
2020-08-31,"CO_IVBed_C19_Sus",0
2020-08-31,"CO_IVBed_NonC19",19
2020-08-31,"CO_IVBed_Spare",8
2020-09-01,"CO_GABed_C19_Con",1
2020-09-01,"CO_GABed_C19_Rec",19
2020-09-01,"CO_GABed_C19_Sus",18
2020-09-01,"CO_GABed_NonC19",1217
2020-09-01,"CO_GABed_Spare",79
2020-09-01,"CO_IVBed_C19_Con",0
2020-09-01,"CO_IVBed_C19_Rec",0
2020-09-01,"CO_IVBed_C19_Sus",0
2020-09-01,"CO_IVBed_NonC19",20
2020-09-01,"CO_IVBed_Spare",7
2020-09-02,"CO_GABed_C19_Con",1
2020-09-02,"CO_GABed_C19_Rec",19
2020-09-02,"CO_GABed_C19_Sus",14
2020-09-02,"CO_GABed_NonC19",1207
2020-09-02,"CO_GABed_Spare",96
2020-09-02,"CO_IVBed_C19_Con",0
2020-09-02,"CO_IVBed_C19_Rec",0
2020-09-02,"CO_IVBed_C19_Sus",0
2020-09-02,"CO_IVBed_NonC19",21
2020-09-02,"CO_IVBed_Spare",6
2020-09-03,"CO_GABed_C19_Con",0
2020-09-03,"CO_GABed_C19_Rec",10
2020-09-03,"CO_GABed_C19_Sus",22
2020-09-03,"CO_GABed_NonC19",1188
2020-09-03,"CO_GABed_Spare",117
2020-09-03,"CO_IVBed_C19_Con",0
2020-09-03,"CO_IVBed_C19_Rec",0
2020-09-03,"CO_IVBed_C19_Sus",0
2020-09-03,"CO_IVBed_NonC19",21
2020-09-03,"CO_IVBed_Spare",6
2020-09-04,"CO_GABed_C19_Con",0
2020-09-04,"CO_GABed_C19_Rec",18
2020-09-04,"CO_GABed_C19_Sus",20
2020-09-04,"CO_GABed_NonC19",1200
2020-09-04,"CO_GABed_Spare",108
2020-09-04,"CO_IVBed_C19_Con",0
2020-09-04,"CO_IVBed_C19_Rec",0
2020-09-04,"CO_IVBed_C19_Sus",0
2020-09-04,"CO_IVBed_NonC19",18
2020-09-04,"CO_IVBed_Spare",9
2020-09-05,"CO_GABed_C19_Con",0
2020-09-05,"CO_GABed_C19_Rec",17
2020-09-05,"CO_GABed_C19_Sus",8
2020-09-05,"CO_GABed_NonC19",1182
2020-09-05,"CO_GABed_Spare",136
2020-09-05,"CO_IVBed_C19_Con",0
2020-09-05,"CO_IVBed_C19_Rec",0
2020-09-05,"CO_IVBed_C19_Sus",0
2020-09-05,"CO_IVBed_NonC19",21
2020-09-05,"CO_IVBed_Spare",6
2020-09-06,"CO_GABed_C19_Con",0
2020-09-06,"CO_GABed_C19_Rec",17
2020-09-06,"CO_GABed_C19_Sus",14
2020-09-06,"CO_GABed_NonC19",1181
2020-09-06,"CO_GABed_Spare",129
2020-09-06,"CO_IVBed_C19_Con",0
2020-09-06,"CO_IVBed_C19_Rec",0
2020-09-06,"CO_IVBed_C19_Sus",0
2020-09-06,"CO_IVBed_NonC19",20
2020-09-06,"CO_IVBed_Spare",7
2020-09-07,"CO_GABed_C19_Con",1
2020-09-07,"CO_GABed_C19_Rec",17
2020-09-07,"CO_GABed_C19_Sus",21
2020-09-07,"CO_GABed_NonC19",1201
2020-09-07,"CO_GABed_Spare",95
2020-09-07,"CO_IVBed_C19_Con",0
2020-09-07,"CO_IVBed_C19_Rec",0
2020-09-07,"CO_IVBed_C19_Sus",0
2020-09-07,"CO_IVBed_NonC19",20
2020-09-07,"CO_IVBed_Spare",7
2020-09-08,"CO_GABed_C19_Con",1
2020-09-08,"CO_GABed_C19_Rec",16
2020-09-08,"CO_GABed_C19_Sus",16
2020-09-08,"CO_GABed_NonC19",1227
2020-09-08,"CO_GABed_Spare",78
2020-09-08,"CO_IVBed_C19_Con",0
2020-09-08,"CO_IVBed_C19_Rec",0
2020-09-08,"CO_IVBed_C19_Sus",1
2020-09-08,"CO_IVBed_NonC19",19
2020-09-08,"CO_IVBed_Spare",7
2020-09-09,"CO_GABed_C19_Con",1
2020-09-09,"CO_GABed_C19_Rec",16
2020-09-09,"CO_GABed_C19_Sus",16
2020-09-09,"CO_GABed_NonC19",1208
2020-09-09,"CO_GABed_Spare",143
2020-09-09,"CO_IVBed_C19_Con",1
2020-09-09,"CO_IVBed_C19_Rec",0
2020-09-09,"CO_IVBed_C19_Sus",0
2020-09-09,"CO_IVBed_NonC19",19
2020-09-09,"CO_IVBed_Spare",7
2020-09-10,"CO_GABed_C19_Con",3
2020-09-10,"CO_GABed_C19_Rec",16
2020-09-10,"CO_GABed_C19_Sus",17
2020-09-10,"CO_GABed_NonC19",1206
2020-09-10,"CO_GABed_Spare",143
2020-09-10,"CO_IVBed_C19_Con",1
2020-09-10,"CO_IVBed_C19_Rec",0
2020-09-10,"CO_IVBed_C19_Sus",0
2020-09-10,"CO_IVBed_NonC19",19
2020-09-10,"CO_IVBed_Spare",7
2020-09-11,"CO_GABed_C19_Con",3
2020-09-11,"CO_GABed_C19_Rec",16
2020-09-11,"CO_GABed_C19_Sus",13
2020-09-11,"CO_GABed_NonC19",1204
2020-09-11,"CO_GABed_Spare",143
2020-09-11,"CO_IVBed_C19_Con",1
2020-09-11,"CO_IVBed_C19_Rec",0
2020-09-11,"CO_IVBed_C19_Sus",0
2020-09-11,"CO_IVBed_NonC19",18
2020-09-11,"CO_IVBed_Spare",8
2020-09-12,"CO_GABed_C19_Con",2
2020-09-12,"CO_GABed_C19_Rec",16
2020-09-12,"CO_GABed_C19_Sus",14
2020-09-12,"CO_GABed_NonC19",1178
2020-09-12,"CO_GABed_Spare",165
2020-09-12,"CO_IVBed_C19_Con",1
2020-09-12,"CO_IVBed_C19_Rec",0
2020-09-12,"CO_IVBed_C19_Sus",0
2020-09-12,"CO_IVBed_NonC19",17
2020-09-12,"CO_IVBed_Spare",9
2020-09-13,"CO_GABed_C19_Con",4
2020-09-13,"CO_GABed_C19_Rec",16
2020-09-13,"CO_GABed_C19_Sus",11
2020-09-13,"CO_GABed_NonC19",1181
2020-09-13,"CO_GABed_Spare",163
2020-09-13,"CO_IVBed_C19_Con",1
2020-09-13,"CO_IVBed_C19_Rec",0
2020-09-13,"CO_IVBed_C19_Sus",1
2020-09-13,"CO_IVBed_NonC19",16
2020-09-13,"CO_IVBed_Spare",9
2020-09-14,"CO_GABed_C19_Con",4
2020-09-14,"CO_GABed_C19_Rec",16
2020-09-14,"CO_GABed_C19_Sus",7
2020-09-14,"CO_GABed_NonC19",1213
2020-09-14,"CO_GABed_Spare",136
2020-09-14,"CO_IVBed_C19_Con",1
2020-09-14,"CO_IVBed_C19_Rec",0
2020-09-14,"CO_IVBed_C19_Sus",1
2020-09-14,"CO_IVBed_NonC19",16
2020-09-14,"CO_IVBed_Spare",9
2020-09-15,"CO_GABed_C19_Con",12
2020-09-15,"CO_GABed_C19_Rec",16
2020-09-15,"CO_GABed_C19_Sus",23
2020-09-15,"CO_GABed_NonC19",1215
2020-09-15,"CO_GABed_Spare",111
2020-09-15,"CO_IVBed_C19_Con",2
2020-09-15,"CO_IVBed_C19_Rec",0
2020-09-15,"CO_IVBed_C19_Sus",0
2020-09-15,"CO_IVBed_NonC19",20
2020-09-15,"CO_IVBed_Spare",5
2020-09-16,"CO_GABed_C19_Con",13
2020-09-16,"CO_GABed_C19_Rec",16
2020-09-16,"CO_GABed_C19_Sus",20
2020-09-16,"CO_GABed_NonC19",1213
2020-09-16,"CO_GABed_Spare",117
2020-09-16,"CO_IVBed_C19_Con",1
2020-09-16,"CO_IVBed_C19_Rec",0
2020-09-16,"CO_IVBed_C19_Sus",0
2020-09-16,"CO_IVBed_NonC19",20
2020-09-16,"CO_IVBed_Spare",6
2020-09-17,"CO_GABed_C19_Con",17
2020-09-17,"CO_GABed_C19_Rec",17
2020-09-17,"CO_GABed_C19_Sus",22
2020-09-17,"CO_GABed_NonC19",1218
2020-09-17,"CO_GABed_Spare",107
2020-09-17,"CO_IVBed_C19_Con",2
2020-09-17,"CO_IVBed_C19_Rec",0
2020-09-17,"CO_IVBed_C19_Sus",2
2020-09-17,"CO_IVBed_NonC19",20
2020-09-17,"CO_IVBed_Spare",3
2020-09-18,"CO_GABed_C19_Con",25
2020-09-18,"CO_GABed_C19_Rec",17
2020-09-18,"CO_GABed_C19_Sus",29
2020-09-18,"CO_GABed_NonC19",1217
2020-09-18,"CO_GABed_Spare",62
2020-09-18,"CO_IVBed_C19_Con",7
2020-09-18,"CO_IVBed_C19_Rec",0
2020-09-18,"CO_IVBed_C19_Sus",1
2020-09-18,"CO_IVBed_NonC19",18
2020-09-18,"CO_IVBed_Spare",2
2020-09-19,"CO_GABed_C19_Con",43
2020-09-19,"CO_GABed_C19_Rec",1
2020-09-19,"CO_GABed_C19_Sus",24
2020-09-19,"CO_GABed_NonC19",1200
2020-09-19,"CO_GABed_Spare",68
2020-09-19,"CO_IVBed_C19_Con",3
2020-09-19,"CO_IVBed_C19_Rec",0
2020-09-19,"CO_IVBed_C19_Sus",0
2020-09-19,"CO_IVBed_NonC19",18
2020-09-19,"CO_IVBed_Spare",6
2020-09-20,"CO_GABed_C19_Con",43
2020-09-20,"CO_GABed_C19_Rec",0
2020-09-20,"CO_GABed_C19_Sus",24
2020-09-20,"CO_GABed_NonC19",1193
2020-09-20,"CO_GABed_Spare",77
2020-09-20,"CO_IVBed_C19_Con",5
2020-09-20,"CO_IVBed_C19_Rec",0
2020-09-20,"CO_IVBed_C19_Sus",1
2020-09-20,"CO_IVBed_NonC19",15
2020-09-20,"CO_IVBed_Spare",6
2020-09-21,"CO_GABed_C19_Con",50
2020-09-21,"CO_GABed_C19_Rec",1
2020-09-21,"CO_GABed_C19_Sus",29
2020-09-21,"CO_GABed_NonC19",1159
2020-09-21,"CO_GABed_Spare",88
2020-09-21,"CO_IVBed_C19_Con",5
2020-09-21,"CO_IVBed_C19_Rec",0
2020-09-21,"CO_IVBed_C19_Sus",2
2020-09-21,"CO_IVBed_NonC19",16
2020-09-21,"CO_IVBed_Spare",4
2020-09-22,"CO_GABed_C19_Con",47
2020-09-22,"CO_GABed_C19_Rec",1
2020-09-22,"CO_GABed_C19_Sus",28
2020-09-22,"CO_GABed_NonC19",1097
2020-09-22,"CO_GABed_Spare",191
2020-09-22,"CO_IVBed_C19_Con",6
2020-09-22,"CO_IVBed_C19_Rec",0
2020-09-22,"CO_IVBed_C19_Sus",1
2020-09-22,"CO_IVBed_NonC19",16
2020-09-22,"CO_IVBed_Spare",12
2020-09-23,"CO_GABed_C19_Con",52
2020-09-23,"CO_GABed_C19_Rec",1
2020-09-23,"CO_GABed_C19_Sus",75
2020-09-23,"CO_GABed_NonC19",1129
2020-09-23,"CO_GABed_Spare",76
2020-09-23,"CO_IVBed_C19_Con",8
2020-09-23,"CO_IVBed_C19_Rec",0
2020-09-23,"CO_IVBed_C19_Sus",0
2020-09-23,"CO_IVBed_NonC19",15
2020-09-23,"CO_IVBed_Spare",16
2020-09-24,"CO_GABed_C19_Con",55
2020-09-24,"CO_GABed_C19_Rec",1
2020-09-24,"CO_GABed_C19_Sus",42
2020-09-24,"CO_GABed_NonC19",1058
2020-09-24,"CO_GABed_Spare",170
2020-09-24,"CO_IVBed_C19_Con",9
2020-09-24,"CO_IVBed_C19_Rec",0
2020-09-24,"CO_IVBed_C19_Sus",1
2020-09-24,"CO_IVBed_NonC19",13
2020-09-24,"CO_IVBed_Spare",16
2020-09-25,"CO_GABed_C19_Con",65
2020-09-25,"CO_GABed_C19_Rec",1
2020-09-25,"CO_GABed_C19_Sus",31
2020-09-25,"CO_GABed_NonC19",1142
2020-09-25,"CO_GABed_Spare",88
2020-09-25,"CO_IVBed_C19_Con",8
2020-09-25,"CO_IVBed_C19_Rec",0
2020-09-25,"CO_IVBed_C19_Sus",2
2020-09-25,"CO_IVBed_NonC19",12
2020-09-25,"CO_IVBed_Spare",17
2020-09-26,"CO_GABed_C19_Con",62
2020-09-26,"CO_GABed_C19_Rec",1
2020-09-26,"CO_GABed_C19_Sus",32
2020-09-26,"CO_GABed_NonC19",1073
2020-09-26,"CO_GABed_Spare",154
2020-09-26,"CO_IVBed_C19_Con",9
2020-09-26,"CO_IVBed_C19_Rec",0
2020-09-26,"CO_IVBed_C19_Sus",0
2020-09-26,"CO_IVBed_NonC19",12
2020-09-26,"CO_IVBed_Spare",14
2020-09-27,"CO_GABed_C19_Con",91
2020-09-27,"CO_GABed_C19_Rec",1
2020-09-27,"CO_GABed_C19_Sus",41
2020-09-27,"CO_GABed_NonC19",1102
2020-09-27,"CO_GABed_Spare",114
2020-09-27,"CO_IVBed_C19_Con",9
2020-09-27,"CO_IVBed_C19_Rec",0
2020-09-27,"CO_IVBed_C19_Sus",2
2020-09-27,"CO_IVBed_NonC19",14
2020-09-27,"CO_IVBed_Spare",10
2020-09-28,"CO_GABed_C19_Con",86
2020-09-28,"CO_GABed_C19_Rec",9
2020-09-28,"CO_GABed_C19_Sus",109
2020-09-28,"CO_GABed_NonC19",936
2020-09-28,"CO_GABed_Spare",181
2020-09-28,"CO_IVBed_C19_Con",11
2020-09-28,"CO_IVBed_C19_Rec",4
2020-09-28,"CO_IVBed_C19_Sus",2
2020-09-28,"CO_IVBed_NonC19",12
2020-09-28,"CO_IVBed_Spare",10
2020-09-29,"CO_GABed_C19_Con",100
2020-09-29,"CO_GABed_C19_Rec",9
2020-09-29,"CO_GABed_C19_Sus",105
2020-09-29,"CO_GABed_NonC19",996
2020-09-29,"CO_GABed_Spare",120
2020-09-29,"CO_IVBed_C19_Con",12
2020-09-29,"CO_IVBed_C19_Rec",0
2020-09-29,"CO_IVBed_C19_Sus",3
2020-09-29,"CO_IVBed_NonC19",15
2020-09-29,"CO_IVBed_Spare",9
2020-09-30,"CO_GABed_C19_Con",110
2020-09-30,"CO_GABed_C19_Rec",1
2020-09-30,"CO_GABed_C19_Sus",45
2020-09-30,"CO_GABed_NonC19",1069
2020-09-30,"CO_GABed_Spare",122
2020-09-30,"CO_IVBed_C19_Con",9
2020-09-30,"CO_IVBed_C19_Rec",0
2020-09-30,"CO_IVBed_C19_Sus",2
2020-09-30,"CO_IVBed_NonC19",18
2020-09-30,"CO_IVBed_Spare",10
2020-10-01,"CO_GABed_C19_Con",103
2020-10-01,"CO_GABed_C19_Rec",10
2020-10-01,"CO_GABed_C19_Sus",50
2020-10-01,"CO_GABed_NonC19",1081
2020-10-01,"CO_GABed_Spare",138
2020-10-01,"CO_IVBed_C19_Con",9
2020-10-01,"CO_IVBed_C19_Rec",0
2020-10-01,"CO_IVBed_C19_Sus",4
2020-10-01,"CO_IVBed_NonC19",18
2020-10-01,"CO_IVBed_Spare",9
2020-10-02,"CO_GABed_C19_Con",110
2020-10-02,"CO_GABed_C19_Rec",3
2020-10-02,"CO_GABed_C19_Sus",59
2020-10-02,"CO_GABed_NonC19",1024
2020-10-02,"CO_GABed_Spare",182
2020-10-02,"CO_IVBed_C19_Con",9
2020-10-02,"CO_IVBed_C19_Rec",0
2020-10-02,"CO_IVBed_C19_Sus",1
2020-10-02,"CO_IVBed_NonC19",17
2020-10-02,"CO_IVBed_Spare",12
2020-10-03,"CO_GABed_C19_Con",115
2020-10-03,"CO_GABed_C19_Rec",3
2020-10-03,"CO_GABed_C19_Sus",36
2020-10-03,"CO_GABed_NonC19",1001
2020-10-03,"CO_GABed_Spare",207
2020-10-03,"CO_IVBed_C19_Con",10
2020-10-03,"CO_IVBed_C19_Rec",0
2020-10-03,"CO_IVBed_C19_Sus",0
2020-10-03,"CO_IVBed_NonC19",17
2020-10-03,"CO_IVBed_Spare",13
2020-10-04,"CO_GABed_C19_Con",117
2020-10-04,"CO_GABed_C19_Rec",2
2020-10-04,"CO_GABed_C19_Sus",45
2020-10-04,"CO_GABed_NonC19",991
2020-10-04,"CO_GABed_Spare",207
2020-10-04,"CO_IVBed_C19_Con",12
2020-10-04,"CO_IVBed_C19_Rec",0
2020-10-04,"CO_IVBed_C19_Sus",0
2020-10-04,"CO_IVBed_NonC19",18
2020-10-04,"CO_IVBed_Spare",10
2020-10-05,"CO_GABed_C19_Con",126
2020-10-05,"CO_GABed_C19_Rec",5
2020-10-05,"CO_GABed_C19_Sus",34
2020-10-05,"CO_GABed_NonC19",1012
2020-10-05,"CO_GABed_Spare",146
2020-10-05,"CO_IVBed_C19_Con",11
2020-10-05,"CO_IVBed_C19_Rec",0
2020-10-05,"CO_IVBed_C19_Sus",0
2020-10-05,"CO_IVBed_NonC19",14
2020-10-05,"CO_IVBed_Spare",14
2020-10-06,"CO_GABed_C19_Con",123
2020-10-06,"CO_GABed_C19_Rec",2
2020-10-06,"CO_GABed_C19_Sus",23
2020-10-06,"CO_GABed_NonC19",984
2020-10-06,"CO_GABed_Spare",163
2020-10-06,"CO_IVBed_C19_Con",9
2020-10-06,"CO_IVBed_C19_Rec",0
2020-10-06,"CO_IVBed_C19_Sus",0
2020-10-06,"CO_IVBed_NonC19",15
2020-10-06,"CO_IVBed_Spare",15
2020-10-07,"CO_GABed_C19_Con",142
2020-10-07,"CO_GABed_C19_Rec",2
2020-10-07,"CO_GABed_C19_Sus",20
2020-10-07,"CO_GABed_NonC19",991
2020-10-07,"CO_GABed_Spare",148
2020-10-07,"CO_IVBed_C19_Con",9
2020-10-07,"CO_IVBed_C19_Rec",0
2020-10-07,"CO_IVBed_C19_Sus",0
2020-10-07,"CO_IVBed_NonC19",14
2020-10-07,"CO_IVBed_Spare",16
2020-10-08,"CO_GABed_C19_Con",157
2020-10-08,"CO_GABed_C19_Rec",2
2020-10-08,"CO_GABed_C19_Sus",19
2020-10-08,"CO_GABed_NonC19",928
2020-10-08,"CO_GABed_Spare",151
2020-10-08,"CO_IVBed_C19_Con",7
2020-10-08,"CO_IVBed_C19_Rec",0
2020-10-08,"CO_IVBed_C19_Sus",2
2020-10-08,"CO_IVBed_NonC19",13
2020-10-08,"CO_IVBed_Spare",17
2020-10-09,"CO_GABed_C19_Con",168
2020-10-09,"CO_GABed_C19_Rec",3
2020-10-09,"CO_GABed_C19_Sus",14
2020-10-09,"CO_GABed_NonC19",925
2020-10-09,"CO_GABed_Spare",149
2020-10-09,"CO_IVBed_C19_Con",9
2020-10-09,"CO_IVBed_C19_Rec",0
2020-10-09,"CO_IVBed_C19_Sus",0
2020-10-09,"CO_IVBed_NonC19",14
2020-10-09,"CO_IVBed_Spare",17
2020-10-10,"CO_GABed_C19_Con",177
2020-10-10,"CO_GABed_C19_Rec",3
2020-10-10,"CO_GABed_C19_Sus",27
2020-10-10,"CO_GABed_NonC19",924
2020-10-10,"CO_GABed_Spare",116
2020-10-10,"CO_IVBed_C19_Con",8
2020-10-10,"CO_IVBed_C19_Rec",0
2020-10-10,"CO_IVBed_C19_Sus",1
2020-10-10,"CO_IVBed_NonC19",14
2020-10-10,"CO_IVBed_Spare",17
2020-10-11,"CO_GABed_C19_Con",180
2020-10-11,"CO_GABed_C19_Rec",10
2020-10-11,"CO_GABed_C19_Sus",27
2020-10-11,"CO_GABed_NonC19",933
2020-10-11,"CO_GABed_Spare",118
2020-10-11,"CO_IVBed_C19_Con",9
2020-10-11,"CO_IVBed_C19_Rec",0
2020-10-11,"CO_IVBed_C19_Sus",0
2020-10-11,"CO_IVBed_NonC19",15
2020-10-11,"CO_IVBed_Spare",15
2020-10-12,"CO_GABed_C19_Con",194
2020-10-12,"CO_GABed_C19_Rec",13
2020-10-12,"CO_GABed_C19_Sus",21
2020-10-12,"CO_GABed_NonC19",907
2020-10-12,"CO_GABed_Spare",138
2020-10-12,"CO_IVBed_C19_Con",8
2020-10-12,"CO_IVBed_C19_Rec",0
2020-10-12,"CO_IVBed_C19_Sus",0
2020-10-12,"CO_IVBed_NonC19",15
2020-10-12,"CO_IVBed_Spare",16
2020-10-13,"CO_GABed_C19_Con",160
2020-10-13,"CO_GABed_C19_Rec",44
2020-10-13,"CO_GABed_C19_Sus",27
2020-10-13,"CO_GABed_NonC19",936
2020-10-13,"CO_GABed_Spare",142
2020-10-13,"CO_IVBed_C19_Con",6
2020-10-13,"CO_IVBed_C19_Rec",0
2020-10-13,"CO_IVBed_C19_Sus",0
2020-10-13,"CO_IVBed_NonC19",15
2020-10-13,"CO_IVBed_Spare",18
2020-10-14,"CO_GABed_C19_Con",161
2020-10-14,"CO_GABed_C19_Rec",50
2020-10-14,"CO_GABed_C19_Sus",36
2020-10-14,"CO_GABed_NonC19",903
2020-10-14,"CO_GABed_Spare",127
2020-10-14,"CO_IVBed_C19_Con",7
2020-10-14,"CO_IVBed_C19_Rec",0
2020-10-14,"CO_IVBed_C19_Sus",0
2020-10-14,"CO_IVBed_NonC19",14
2020-10-14,"CO_IVBed_Spare",18
2020-10-15,"CO_GABed_C19_Con",158
2020-10-15,"CO_GABed_C19_Rec",69
2020-10-15,"CO_GABed_C19_Sus",38
2020-10-15,"CO_GABed_NonC19",905
2020-10-15,"CO_GABed_Spare",139
2020-10-15,"CO_IVBed_C19_Con",6
2020-10-15,"CO_IVBed_C19_Rec",0
2020-10-15,"CO_IVBed_C19_Sus",1
2020-10-15,"CO_IVBed_NonC19",9
2020-10-15,"CO_IVBed_Spare",23
2020-10-16,"CO_GABed_C19_Con",173
2020-10-16,"CO_GABed_C19_Rec",64
2020-10-16,"CO_GABed_C19_Sus",25
2020-10-16,"CO_GABed_NonC19",931
2020-10-16,"CO_GABed_Spare",228
2020-10-16,"CO_IVBed_C19_Con",7
2020-10-16,"CO_IVBed_C19_Rec",0
2020-10-16,"CO_IVBed_C19_Sus",0
2020-10-16,"CO_IVBed_NonC19",15
2020-10-16,"CO_IVBed_Spare",17
2020-10-17,"CO_GABed_C19_Con",159
2020-10-17,"CO_GABed_C19_Rec",70
2020-10-17,"CO_GABed_C19_Sus",31
2020-10-17,"CO_GABed_NonC19",881
2020-10-17,"CO_GABed_Spare",257
2020-10-17,"CO_IVBed_C19_Con",7
2020-10-17,"CO_IVBed_C19_Rec",0
2020-10-17,"CO_IVBed_C19_Sus",0
2020-10-17,"CO_IVBed_NonC19",16
2020-10-17,"CO_IVBed_Spare",16
2020-10-18,"CO_GABed_C19_Con",171
2020-10-18,"CO_GABed_C19_Rec",64
2020-10-18,"CO_GABed_C19_Sus",23
2020-10-18,"CO_GABed_NonC19",925
2020-10-18,"CO_GABed_Spare",200
2020-10-18,"CO_IVBed_C19_Con",10
2020-10-18,"CO_IVBed_C19_Rec",0
2020-10-18,"CO_IVBed_C19_Sus",1
2020-10-18,"CO_IVBed_NonC19",15
2020-10-18,"CO_IVBed_Spare",13
2020-10-19,"CO_GABed_C19_Con",164
2020-10-19,"CO_GABed_C19_Rec",70
2020-10-19,"CO_GABed_C19_Sus",13
2020-10-19,"CO_GABed_NonC19",1000
2020-10-19,"CO_GABed_Spare",200
2020-10-19,"CO_IVBed_C19_Con",12
2020-10-19,"CO_IVBed_C19_Rec",0
2020-10-19,"CO_IVBed_C19_Sus",3
2020-10-19,"CO_IVBed_NonC19",15
2020-10-19,"CO_IVBed_Spare",9
2020-10-20,"CO_GABed_C19_Con",170
2020-10-20,"CO_GABed_C19_Rec",68
2020-10-20,"CO_GABed_C19_Sus",15
2020-10-20,"CO_GABed_NonC19",973
2020-10-20,"CO_GABed_Spare",206
2020-10-20,"CO_IVBed_C19_Con",14
2020-10-20,"CO_IVBed_C19_Rec",0
2020-10-20,"CO_IVBed_C19_Sus",3
2020-10-20,"CO_IVBed_NonC19",14
2020-10-20,"CO_IVBed_Spare",8
2020-10-21,"CO_GABed_C19_Con",175
2020-10-21,"CO_GABed_C19_Rec",78
2020-10-21,"CO_GABed_C19_Sus",23
2020-10-21,"CO_GABed_NonC19",929
2020-10-21,"CO_GABed_Spare",218
2020-10-21,"CO_IVBed_C19_Con",11
2020-10-21,"CO_IVBed_C19_Rec",0
2020-10-21,"CO_IVBed_C19_Sus",1
2020-10-21,"CO_IVBed_NonC19",13
2020-10-21,"CO_IVBed_Spare",14
2020-10-22,"CO_GABed_C19_Con",207
2020-10-22,"CO_GABed_C19_Rec",80
2020-10-22,"CO_GABed_C19_Sus",21
2020-10-22,"CO_GABed_NonC19",942
2020-10-22,"CO_GABed_Spare",193
2020-10-22,"CO_IVBed_C19_Con",12
2020-10-22,"CO_IVBed_C19_Rec",0
2020-10-22,"CO_IVBed_C19_Sus",1
2020-10-22,"CO_IVBed_NonC19",13
2020-10-22,"CO_IVBed_Spare",13
2020-10-23,"CO_GABed_C19_Con",207
2020-10-23,"CO_GABed_C19_Rec",92
2020-10-23,"CO_GABed_C19_Sus",14
2020-10-23,"CO_GABed_NonC19",926
2020-10-23,"CO_GABed_Spare",255
2020-10-23,"CO_IVBed_C19_Con",12
2020-10-23,"CO_IVBed_C19_Rec",0
2020-10-23,"CO_IVBed_C19_Sus",0
2020-10-23,"CO_IVBed_NonC19",16
2020-10-23,"CO_IVBed_Spare",11
2020-10-24,"CO_GABed_C19_Con",192
2020-10-24,"CO_GABed_C19_Rec",95
2020-10-24,"CO_GABed_C19_Sus",17
2020-10-24,"CO_GABed_NonC19",915
2020-10-24,"CO_GABed_Spare",275
2020-10-24,"CO_IVBed_C19_Con",12
2020-10-24,"CO_IVBed_C19_Rec",0
2020-10-24,"CO_IVBed_C19_Sus",0
2020-10-24,"CO_IVBed_NonC19",15
2020-10-24,"CO_IVBed_Spare",12
2020-10-25,"CO_GABed_C19_Con",209
2020-10-25,"CO_GABed_C19_Rec",90
2020-10-25,"CO_GABed_C19_Sus",27
2020-10-25,"CO_GABed_NonC19",943
2020-10-25,"CO_GABed_Spare",203
2020-10-25,"CO_IVBed_C19_Con",13
2020-10-25,"CO_IVBed_C19_Rec",0
2020-10-25,"CO_IVBed_C19_Sus",1
2020-10-25,"CO_IVBed_NonC19",18
2020-10-25,"CO_IVBed_Spare",9
2020-10-26,"CO_GABed_C19_Con",207
2020-10-26,"CO_GABed_C19_Rec",105
2020-10-26,"CO_GABed_C19_Sus",23
2020-10-26,"CO_GABed_NonC19",954
2020-10-26,"CO_GABed_Spare",159
2020-10-26,"CO_IVBed_C19_Con",13
2020-10-26,"CO_IVBed_C19_Rec",0
2020-10-26,"CO_IVBed_C19_Sus",0
2020-10-26,"CO_IVBed_NonC19",19
2020-10-26,"CO_IVBed_Spare",9
2020-10-27,"CO_GABed_C19_Con",209
2020-10-27,"CO_GABed_C19_Rec",117
2020-10-27,"CO_GABed_C19_Sus",28
2020-10-27,"CO_GABed_NonC19",921
2020-10-27,"CO_GABed_Spare",176
2020-10-27,"CO_IVBed_C19_Con",13
2020-10-27,"CO_IVBed_C19_Rec",0
2020-10-27,"CO_IVBed_C19_Sus",0
2020-10-27,"CO_IVBed_NonC19",19
2020-10-27,"CO_IVBed_Spare",11
2020-10-28,"CO_GABed_C19_Con",225
2020-10-28,"CO_GABed_C19_Rec",116
2020-10-28,"CO_GABed_C19_Sus",21
2020-10-28,"CO_GABed_NonC19",942
2020-10-28,"CO_GABed_Spare",179
2020-10-28,"CO_IVBed_C19_Con",16
2020-10-28,"CO_IVBed_C19_Rec",0
2020-10-28,"CO_IVBed_C19_Sus",2
2020-10-28,"CO_IVBed_NonC19",15
2020-10-28,"CO_IVBed_Spare",10
2020-10-29,"CO_GABed_C19_Con",232
2020-10-29,"CO_GABed_C19_Rec",115
2020-10-29,"CO_GABed_C19_Sus",16
2020-10-29,"CO_GABed_NonC19",942
2020-10-29,"CO_GABed_Spare",187
2020-10-29,"CO_IVBed_C19_Con",15
2020-10-29,"CO_IVBed_C19_Rec",0
2020-10-29,"CO_IVBed_C19_Sus",2
2020-10-29,"CO_IVBed_NonC19",14
2020-10-29,"CO_IVBed_Spare",11
2020-10-30,"CO_GABed_C19_Con",234
2020-10-30,"CO_GABed_C19_Rec",118
2020-10-30,"CO_GABed_C19_Sus",19
2020-10-30,"CO_GABed_NonC19",927
2020-10-30,"CO_GABed_Spare",176
2020-10-30,"CO_IVBed_C19_Con",18
2020-10-30,"CO_IVBed_C19_Rec",0
2020-10-30,"CO_IVBed_C19_Sus",3
2020-10-30,"CO_IVBed_NonC19",13
2020-10-30,"CO_IVBed_Spare",7
2020-10-31,"CO_GABed_C19_Con",257
2020-10-31,"CO_GABed_C19_Rec",112
2020-10-31,"CO_GABed_C19_Sus",29
2020-10-31,"CO_GABed_NonC19",890
2020-10-31,"CO_GABed_Spare",189
2020-10-31,"CO_IVBed_C19_Con",16
2020-10-31,"CO_IVBed_C19_Rec",0
2020-10-31,"CO_IVBed_C19_Sus",0
2020-10-31,"CO_IVBed_NonC19",11
2020-10-31,"CO_IVBed_Spare",15
2020-11-01,"CO_GABed_C19_Con",258
2020-11-01,"CO_GABed_C19_Rec",113
2020-11-01,"CO_GABed_C19_Sus",27
2020-11-01,"CO_GABed_NonC19",877
2020-11-01,"CO_GABed_Spare",191
2020-11-01,"CO_IVBed_C19_Con",17
2020-11-01,"CO_IVBed_C19_Rec",0
2020-11-01,"CO_IVBed_C19_Sus",0
2020-11-01,"CO_IVBed_NonC19",10
2020-11-01,"CO_IVBed_Spare",16
2020-11-02,"CO_GABed_C19_Con",274
2020-11-02,"CO_GABed_C19_Rec",108
2020-11-02,"CO_GABed_C19_Sus",20
2020-11-02,"CO_GABed_NonC19",874
2020-11-02,"CO_GABed_Spare",190
2020-11-02,"CO_IVBed_C19_Con",15
2020-11-02,"CO_IVBed_C19_Rec",0
2020-11-02,"CO_IVBed_C19_Sus",0
2020-11-02,"CO_IVBed_NonC19",14
2020-11-02,"CO_IVBed_Spare",17
2020-11-03,"CO_GABed_C19_Con",286
2020-11-03,"CO_GABed_C19_Rec",114
2020-11-03,"CO_GABed_C19_Sus",30
2020-11-03,"CO_GABed_NonC19",874
2020-11-03,"CO_GABed_Spare",182
2020-11-03,"CO_IVBed_C19_Con",16
2020-11-03,"CO_IVBed_C19_Rec",0
2020-11-03,"CO_IVBed_C19_Sus",0
2020-11-03,"CO_IVBed_NonC19",10
2020-11-03,"CO_IVBed_Spare",19
2020-11-04,"CO_GABed_C19_Con",282
2020-11-04,"CO_GABed_C19_Rec",114
2020-11-04,"CO_GABed_C19_Sus",26
2020-11-04,"CO_GABed_NonC19",852
2020-11-04,"CO_GABed_Spare",216
2020-11-04,"CO_IVBed_C19_Con",18
2020-11-04,"CO_IVBed_C19_Rec",0
2020-11-04,"CO_IVBed_C19_Sus",3
2020-11-04,"CO_IVBed_NonC19",11
2020-11-04,"CO_IVBed_Spare",13
2020-11-05,"CO_GABed_C19_Con",280
2020-11-05,"CO_GABed_C19_Rec",110
2020-11-05,"CO_GABed_C19_Sus",34
2020-11-05,"CO_GABed_NonC19",815
2020-11-05,"CO_GABed_Spare",178
2020-11-05,"CO_IVBed_C19_Con",19
2020-11-05,"CO_IVBed_C19_Rec",0
2020-11-05,"CO_IVBed_C19_Sus",2
2020-11-05,"CO_IVBed_NonC19",12
2020-11-05,"CO_IVBed_Spare",10
2020-11-06,"CO_GABed_C19_Con",282
2020-11-06,"CO_GABed_C19_Rec",153
2020-11-06,"CO_GABed_C19_Sus",37
2020-11-06,"CO_GABed_NonC19",766
2020-11-06,"CO_GABed_Spare",121
2020-11-06,"CO_IVBed_C19_Con",19
2020-11-06,"CO_IVBed_C19_Rec",0
2020-11-06,"CO_IVBed_C19_Sus",2
2020-11-06,"CO_IVBed_NonC19",10
2020-11-06,"CO_IVBed_Spare",12
2020-11-07,"CO_GABed_C19_Con",241
2020-11-07,"CO_GABed_C19_Rec",172
2020-11-07,"CO_GABed_C19_Sus",26
2020-11-07,"CO_GABed_NonC19",749
2020-11-07,"CO_GABed_Spare",141
2020-11-07,"CO_IVBed_C19_Con",18
2020-11-07,"CO_IVBed_C19_Rec",1
2020-11-07,"CO_IVBed_C19_Sus",1
2020-11-07,"CO_IVBed_NonC19",11
2020-11-07,"CO_IVBed_Spare",12
2020-11-08,"CO_GABed_C19_Con",252
2020-11-08,"CO_GABed_C19_Rec",177
2020-11-08,"CO_GABed_C19_Sus",24
2020-11-08,"CO_GABed_NonC19",788
2020-11-08,"CO_GABed_Spare",99
2020-11-08,"CO_IVBed_C19_Con",19
2020-11-08,"CO_IVBed_C19_Rec",1
2020-11-08,"CO_IVBed_C19_Sus",1
2020-11-08,"CO_IVBed_NonC19",11
2020-11-08,"CO_IVBed_Spare",9
2020-11-09,"CO_GABed_C19_Con",268
2020-11-09,"CO_GABed_C19_Rec",171
2020-11-09,"CO_GABed_C19_Sus",17
2020-11-09,"CO_GABed_NonC19",800
2020-11-09,"CO_GABed_Spare",69
2020-11-09,"CO_IVBed_C19_Con",21
2020-11-09,"CO_IVBed_C19_Rec",0
2020-11-09,"CO_IVBed_C19_Sus",1
2020-11-09,"CO_IVBed_NonC19",11
2020-11-09,"CO_IVBed_Spare",8
2020-11-10,"CO_GABed_C19_Con",271
2020-11-10,"CO_GABed_C19_Rec",168
2020-11-10,"CO_GABed_C19_Sus",16
2020-11-10,"CO_GABed_NonC19",792
2020-11-10,"CO_GABed_Spare",80
2020-11-10,"CO_IVBed_C19_Con",19
2020-11-10,"CO_IVBed_C19_Rec",0
2020-11-10,"CO_IVBed_C19_Sus",0
2020-11-10,"CO_IVBed_NonC19",12
2020-11-10,"CO_IVBed_Spare",10
2020-11-11,"CO_GABed_C19_Con",271
2020-11-11,"CO_GABed_C19_Rec",169
2020-11-11,"CO_GABed_C19_Sus",15
2020-11-11,"CO_GABed_NonC19",789
2020-11-11,"CO_GABed_Spare",94
2020-11-11,"CO_IVBed_C19_Con",18
2020-11-11,"CO_IVBed_C19_Rec",0
2020-11-11,"CO_IVBed_C19_Sus",0
2020-11-11,"CO_IVBed_NonC19",11
2020-11-11,"CO_IVBed_Spare",12
2020-11-12,"CO_GABed_C19_Con",274
2020-11-12,"CO_GABed_C19_Rec",165
2020-11-12,"CO_GABed_C19_Sus",12
2020-11-12,"CO_GABed_NonC19",771
2020-11-12,"CO_GABed_Spare",118
2020-11-12,"CO_IVBed_C19_Con",21
2020-11-12,"CO_IVBed_C19_Rec",0
2020-11-12,"CO_IVBed_C19_Sus",0
2020-11-12,"CO_IVBed_NonC19",9
2020-11-12,"CO_IVBed_Spare",13
2020-11-13,"CO_GABed_C19_Con",224
2020-11-13,"CO_GABed_C19_Rec",191
2020-11-13,"CO_GABed_C19_Sus",14
2020-11-13,"CO_GABed_NonC19",745
2020-11-13,"CO_GABed_Spare",172
2020-11-13,"CO_IVBed_C19_Con",22
2020-11-13,"CO_IVBed_C19_Rec",0
2020-11-13,"CO_IVBed_C19_Sus",0
2020-11-13,"CO_IVBed_NonC19",9
2020-11-13,"CO_IVBed_Spare",12
2020-11-14,"CO_GABed_C19_Con",234
2020-11-14,"CO_GABed_C19_Rec",188
2020-11-14,"CO_GABed_C19_Sus",24
2020-11-14,"CO_GABed_NonC19",749
2020-11-14,"CO_GABed_Spare",135
2020-11-14,"CO_IVBed_C19_Con",19
2020-11-14,"CO_IVBed_C19_Rec",0
2020-11-14,"CO_IVBed_C19_Sus",0
2020-11-14,"CO_IVBed_NonC19",7
2020-11-14,"CO_IVBed_Spare",17
2020-11-15,"CO_GABed_C19_Con",215
2020-11-15,"CO_GABed_C19_Rec",208
2020-11-15,"CO_GABed_C19_Sus",6
2020-11-15,"CO_GABed_NonC19",806
2020-11-15,"CO_GABed_Spare",95
2020-11-15,"CO_IVBed_C19_Con",18
2020-11-15,"CO_IVBed_C19_Rec",0
2020-11-15,"CO_IVBed_C19_Sus",1
2020-11-15,"CO_IVBed_NonC19",8
2020-11-15,"CO_IVBed_Spare",12
2020-11-16,"CO_GABed_C19_Con",222
2020-11-16,"CO_GABed_C19_Rec",206
2020-11-16,"CO_GABed_C19_Sus",9
2020-11-16,"CO_GABed_NonC19",801
2020-11-16,"CO_GABed_Spare",104
2020-11-16,"CO_IVBed_C19_Con",14
2020-11-16,"CO_IVBed_C19_Rec",2
2020-11-16,"CO_IVBed_C19_Sus",0
2020-11-16,"CO_IVBed_NonC19",6
2020-11-16,"CO_IVBed_Spare",17
2020-11-17,"CO_GABed_C19_Con",217
2020-11-17,"CO_GABed_C19_Rec",198
2020-11-17,"CO_GABed_C19_Sus",11
2020-11-17,"CO_GABed_NonC19",795
2020-11-17,"CO_GABed_Spare",135
2020-11-17,"CO_IVBed_C19_Con",15
2020-11-17,"CO_IVBed_C19_Rec",2
2020-11-17,"CO_IVBed_C19_Sus",0
2020-11-17,"CO_IVBed_NonC19",6
2020-11-17,"CO_IVBed_Spare",16
2020-11-18,"CO_GABed_C19_Con",204
2020-11-18,"CO_GABed_C19_Rec",221
2020-11-18,"CO_GABed_C19_Sus",9
2020-11-18,"CO_GABed_NonC19",806
2020-11-18,"CO_GABed_Spare",113
2020-11-18,"CO_IVBed_C19_Con",14
2020-11-18,"CO_IVBed_C19_Rec",3
2020-11-18,"CO_IVBed_C19_Sus",0
2020-11-18,"CO_IVBed_NonC19",6
2020-11-18,"CO_IVBed_Spare",16
2020-11-19,"CO_GABed_C19_Con",188
2020-11-19,"CO_GABed_C19_Rec",234
2020-11-19,"CO_GABed_C19_Sus",10
2020-11-19,"CO_GABed_NonC19",806
2020-11-19,"CO_GABed_Spare",118
2020-11-19,"CO_IVBed_C19_Con",15
2020-11-19,"CO_IVBed_C19_Rec",4
2020-11-19,"CO_IVBed_C19_Sus",0
2020-11-19,"CO_IVBed_NonC19",11
2020-11-19,"CO_IVBed_Spare",8
